id,Time,LOAD,ELONGATION,TIME,EXTENSION
1, 2025-04-04 16:08:24,-0.07,0.0063,0.2,0
2, 2025-04-04 16:08:24,-0.06,0.0164,0.3,0
3, 2025-04-04 16:08:24,1.679,0.0126,0.4,0
4, 2025-04-04 16:08:25,4.594,0.0227,0.6,0
5, 2025-04-04 16:08:25,7.027,0.0417,0.9,0
6, 2025-04-04 16:08:25,7.027,0.053,0.9,0
7, 2025-04-04 16:08:25,7.972,0.0732,1.1,0
8, 2025-04-04 16:08:25,8.244,0.0833,1.4,0
10, 2025-04-04 16:08:26,8.485,0.1136,1.6,0
11, 2025-04-04 16:08:26,8.988,0.1313,1.8,0
12, 2025-04-04 16:08:26,9.742,0.149,2,0
13, 2025-04-04 16:08:26,11.622,0.1667,2.3,0
14, 2025-04-04 16:08:27,15.562,0.1755,2.5,0
15, 2025-04-04 16:08:27,18.387,0.1856,2.6,0
16, 2025-04-04 16:08:27,21.645,0.1944,2.7,0
17, 2025-04-04 16:08:27,25.234,0.2033,2.8,0
18, 2025-04-04 16:08:27,29.054,0.2121,2.9,0
19, 2025-04-04 16:08:27,29.054,0.2222,2.9,0
20, 2025-04-04 16:08:27,41.56,0.2412,3.2,0
21, 2025-04-04 16:08:27,46.074,0.2513,3.3,0
22, 2025-04-04 16:08:27,50.709,0.2601,3.4,0
23, 2025-04-04 16:08:28,55.434,0.2601,3.5,0
24, 2025-04-04 16:08:28,60.209,0.2689,3.6,0
25, 2025-04-04 16:08:28,69.76,0.279,3.7,0
26, 2025-04-04 16:08:28,69.76,0.2879,3.8,0
27, 2025-04-04 16:08:28,74.424,0.2967,3.9,0
28, 2025-04-04 16:08:28,83.241,0.3157,4.1,0
29, 2025-04-04 16:08:28,87.403,0.3245,4.2,0
30, 2025-04-04 16:08:28,95.516,0.3422,4.4,0
31, 2025-04-04 16:08:29,99.567,0.351,4.5,0
32, 2025-04-04 16:08:29,107.851,0.3687,4.7,0
33, 2025-04-04 16:08:29,120.73,0.3775,4.9,0
34, 2025-04-04 16:08:29,129.486,0.3952,5.1,0
35, 2025-04-04 16:08:29,138.293,0.4129,5.3,0
36, 2025-04-04 16:08:30,147.029,0.4318,5.5,0
37, 2025-04-04 16:08:30,155.524,0.4482,5.7,0
38, 2025-04-04 16:08:30,163.707,0.4659,6,0
39, 2025-04-04 16:08:30,171.619,0.4848,6.2,0
40, 2025-04-04 16:08:30,171.619,0.4937,6.2,0
41, 2025-04-04 16:08:31,183.04,0.5051,6.4,0
42, 2025-04-04 16:08:31,186.729,0.5265,6.7,0
43, 2025-04-04 16:08:31,193.988,0.5379,6.7,0
44, 2025-04-04 16:08:31,201.136,0.5556,6.9,0
45, 2025-04-04 16:08:31,208.173,0.5732,7.1,0
46, 2025-04-04 16:08:31,215.13,0.5821,7.4,0
47, 2025-04-04 16:08:32,222.046,0.5997,7.6,0
48, 2025-04-04 16:08:32,222.046,0.6111,7.7,0
49, 2025-04-04 16:08:32,228.953,0.6212,7.7,0
50, 2025-04-04 16:08:32,235.799,0.6313,8,0
51, 2025-04-04 16:08:32,239.187,0.6427,8.1,0
52, 2025-04-04 16:08:32,242.565,0.6528,8.2,0
53, 2025-04-04 16:08:32,242.565,0.6616,8.3,0
54, 2025-04-04 16:08:32,249.301,0.6717,8.3,0
55, 2025-04-04 16:08:33,252.648,0.6818,8.4,0
56, 2025-04-04 16:08:33,255.976,0.6907,8.6,0
57, 2025-04-04 16:08:33,259.243,0.6995,8.7,0
58, 2025-04-04 16:08:33,265.577,0.7083,8.9,0
59, 2025-04-04 16:08:33,271.72,0.7197,9,0
60, 2025-04-04 16:08:33,274.756,0.7298,9.1,0
61, 2025-04-04 16:08:33,274.756,0.7386,9.2,0
62, 2025-04-04 16:08:33,280.808,0.7563,9.4,0
63, 2025-04-04 16:08:34,286.769,0.7765,9.6,0
64, 2025-04-04 16:08:34,295.294,0.7854,9.8,0
65, 2025-04-04 16:08:34,300.512,0.803,10,0
66, 2025-04-04 16:08:34,305.438,0.822,10.2,0
67, 2025-04-04 16:08:34,307.881,0.8409,10.4,0
68, 2025-04-04 16:08:35,315.3,0.851,10.6,0
69, 2025-04-04 16:08:35,320.337,0.8699,10.8,0
70, 2025-04-04 16:08:35,322.891,0.8914,11,0
71, 2025-04-04 16:08:35,330.712,0.9116,11.2,0
72, 2025-04-04 16:08:36,336.04,0.9293,11.4,0
73, 2025-04-04 16:08:36,341.368,0.9394,11.7,0
74, 2025-04-04 16:08:36,346.687,0.9558,11.9,0
75, 2025-04-04 16:08:36,349.361,0.9659,12,0
76, 2025-04-04 16:08:36,349.361,0.976,12.1,0
77, 2025-04-04 16:08:36,354.689,0.9861,12.1,0
78, 2025-04-04 16:08:36,359.987,0.9975,12.4,0
79, 2025-04-04 16:08:37,362.631,1.0076,12.5,0
80, 2025-04-04 16:08:37,365.285,1.0164,12.6,0
81, 2025-04-04 16:08:37,367.949,1.0265,12.7,0
82, 2025-04-04 16:08:37,370.624,1.0354,12.8,0
83, 2025-04-04 16:08:37,378.706,1.0543,13,0
84, 2025-04-04 16:08:37,378.706,1.0631,13.1,0
85, 2025-04-04 16:08:37,384.085,1.0821,13.3,0
86, 2025-04-04 16:08:38,392.228,1.0922,13.5,0
87, 2025-04-04 16:08:38,394.983,1.1149,13.8,0
88, 2025-04-04 16:08:38,397.737,1.125,13.8,0
89, 2025-04-04 16:08:38,405.991,1.1439,14,0
90, 2025-04-04 16:08:38,411.5,1.154,14.2,0
91, 2025-04-04 16:08:38,414.275,1.1742,14.5,0
92, 2025-04-04 16:08:39,417.07,1.1843,14.5,0
93, 2025-04-04 16:08:39,425.424,1.2058,14.7,0
94, 2025-04-04 16:08:39,430.993,1.2159,15,0
95, 2025-04-04 16:08:39,430.993,1.226,15.1,0
96, 2025-04-04 16:08:39,433.788,1.2361,15.1,0
97, 2025-04-04 16:08:39,436.593,1.2449,15.2,0
98, 2025-04-04 16:08:39,442.213,1.2551,15.3,0
99, 2025-04-04 16:08:40,447.822,1.2715,15.5,0
100, 2025-04-04 16:08:40,453.482,1.2816,15.7,0
101, 2025-04-04 16:08:40,456.338,1.303,16,0
102, 2025-04-04 16:08:40,462.088,1.3144,16,0
103, 2025-04-04 16:08:40,467.839,1.3245,16.3,0
104, 2025-04-04 16:08:40,470.714,1.3359,16.4,0
105, 2025-04-04 16:08:41,470.714,1.346,16.5,0
106, 2025-04-04 16:08:41,476.535,1.3561,16.5,0
107, 2025-04-04 16:08:41,482.456,1.3763,16.8,0
108, 2025-04-04 16:08:41,485.432,1.3763,16.9,0
109, 2025-04-04 16:08:41,485.432,1.3876,17,0
110, 2025-04-04 16:08:41,491.403,1.399,17,0
111, 2025-04-04 16:08:41,497.425,1.4167,17.3,0
112, 2025-04-04 16:08:41,500.451,1.4268,17.4,0
113, 2025-04-04 16:08:42,509.529,1.4369,17.6,0
114, 2025-04-04 16:08:42,512.545,1.4558,17.8,0
115, 2025-04-04 16:08:42,518.618,1.4747,18,0
116, 2025-04-04 16:08:42,524.73,1.4937,18.2,0
117, 2025-04-04 16:08:42,533.929,1.5114,18.4,0
118, 2025-04-04 16:08:43,540.101,1.5202,18.6,0
119, 2025-04-04 16:08:43,543.218,1.5404,18.9,0
120, 2025-04-04 16:08:43,546.355,1.5505,18.9,0
121, 2025-04-04 16:08:43,555.825,1.5694,19.1,0
122, 2025-04-04 16:08:43,562.138,1.5871,19.3,0
123, 2025-04-04 16:08:44,568.522,1.5972,19.6,0
124, 2025-04-04 16:08:44,568.522,1.6098,19.6,0
125, 2025-04-04 16:08:44,575.006,1.6199,19.7,0
126, 2025-04-04 16:08:44,578.274,1.6288,19.8,0
127, 2025-04-04 16:08:44,584.828,1.6389,20.1,0
128, 2025-04-04 16:08:44,588.106,1.649,20.2,0
129, 2025-04-04 16:08:44,591.393,1.6591,20.3,0
130, 2025-04-04 16:08:44,594.681,1.6679,20.4,0
131, 2025-04-04 16:08:45,601.296,1.6768,20.5,0
132, 2025-04-04 16:08:45,601.296,1.6869,20.6,0
133, 2025-04-04 16:08:45,604.603,1.697,20.6,0
134, 2025-04-04 16:08:45,611.238,1.7172,20.9,0
135, 2025-04-04 16:08:45,614.576,1.7172,21,0
136, 2025-04-04 16:08:45,614.576,1.7273,21.1,0
137, 2025-04-04 16:08:45,628.118,1.7588,21.4,0
138, 2025-04-04 16:08:46,634.954,1.7702,21.6,0
139, 2025-04-04 16:08:46,645.268,1.7917,21.9,0
140, 2025-04-04 16:08:46,655.563,1.8119,22.1,0
141, 2025-04-04 16:08:46,655.563,1.8232,22.1,0
142, 2025-04-04 16:08:46,665.797,1.8447,22.4,0
143, 2025-04-04 16:08:47,672.714,1.8548,22.7,0
144, 2025-04-04 16:08:47,676.223,1.8737,22.8,0
145, 2025-04-04 16:08:47,686.768,1.8939,23,0
146, 2025-04-04 16:08:47,693.806,1.9053,23.3,0
147, 2025-04-04 16:08:47,693.806,1.9154,23.4,0
148, 2025-04-04 16:08:48,697.354,1.9255,23.4,0
149, 2025-04-04 16:08:48,708.011,1.947,23.6,0
150, 2025-04-04 16:08:48,715.088,1.9571,23.9,0
151, 2025-04-04 16:08:48,715.088,1.9672,24,0
152, 2025-04-04 16:08:48,722.166,1.976,24.1,0
153, 2025-04-04 16:08:48,725.725,1.9848,24.2,0
154, 2025-04-04 16:08:48,729.284,1.9937,24.2,0
155, 2025-04-04 16:08:48,732.832,2.0025,24.3,0
156, 2025-04-04 16:08:49,739.91,2.0227,24.6,0
157, 2025-04-04 16:08:49,747.018,2.0391,24.8,0
158, 2025-04-04 16:08:49,754.175,2.0492,25,0
159, 2025-04-04 16:08:49,757.765,2.0657,25.1,0
160, 2025-04-04 16:08:49,764.932,2.077,25.3,0
161, 2025-04-04 16:08:50,775.73,2.1073,25.6,0
162, 2025-04-04 16:08:50,786.597,2.1162,25.8,0
163, 2025-04-04 16:08:50,793.846,2.1338,26,0
164, 2025-04-04 16:08:50,797.475,2.1528,26.3,0
165, 2025-04-04 16:08:50,801.114,2.1629,26.3,0
166, 2025-04-04 16:08:50,804.753,2.1717,26.4,0
167, 2025-04-04 16:08:51,808.403,2.1806,26.5,0
168, 2025-04-04 16:08:51,819.29,2.1907,26.7,0
169, 2025-04-04 16:08:51,826.549,2.2109,27,0
170, 2025-04-04 16:08:51,826.549,2.221,27.1,0
171, 2025-04-04 16:08:51,830.178,2.2311,27.1,0
172, 2025-04-04 16:08:51,841.096,2.2412,27.3,0
173, 2025-04-04 16:08:52,844.725,2.2626,27.6,0
174, 2025-04-04 16:08:52,855.623,2.2841,27.7,0
175, 2025-04-04 16:08:52,862.922,2.2955,28,0
176, 2025-04-04 16:08:52,866.581,2.3043,28.1,0
177, 2025-04-04 16:08:52,870.23,2.3131,28.2,0
178, 2025-04-04 16:08:52,870.23,2.3232,28.3,0
179, 2025-04-04 16:08:52,877.519,2.3321,28.4,0
180, 2025-04-04 16:08:53,881.168,2.3409,28.5,0
181, 2025-04-04 16:08:53,884.807,2.3497,28.5,0
182, 2025-04-04 16:08:53,892.076,2.3674,28.7,0
183, 2025-04-04 16:08:53,899.294,2.3864,29,0
184, 2025-04-04 16:08:53,902.873,2.3864,29.1,0
185, 2025-04-04 16:08:53,906.432,2.3977,29.2,0
186, 2025-04-04 16:08:53,909.981,2.4066,29.3,0
187, 2025-04-04 16:08:53,917.038,2.4154,29.4,0
188, 2025-04-04 16:08:54,920.547,2.4242,29.5,0
189, 2025-04-04 16:08:54,924.025,2.4331,29.6,0
190, 2025-04-04 16:08:54,930.942,2.4508,29.8,0
191, 2025-04-04 16:08:54,937.788,2.4672,30,0
192, 2025-04-04 16:08:54,944.514,2.4861,30.2,0
193, 2025-04-04 16:08:54,947.831,2.5051,30.4,0
194, 2025-04-04 16:08:55,951.119,2.5152,30.5,0
195, 2025-04-04 16:08:55,960.77,2.5328,30.7,0
196, 2025-04-04 16:08:55,967.003,2.5518,30.9,0
197, 2025-04-04 16:08:55,973.055,2.5606,31.2,0
198, 2025-04-04 16:08:55,978.906,2.5795,31.4,0
199, 2025-04-04 16:08:56,981.741,2.5884,31.5,0
200, 2025-04-04 16:08:56,984.516,2.5972,31.6,0
201, 2025-04-04 16:08:56,984.516,2.6073,31.7,0
202, 2025-04-04 16:08:56,989.874,2.6162,31.8,0
203, 2025-04-04 16:08:56,992.458,2.625,31.8,0
204, 2025-04-04 16:08:56,994.961,2.6338,31.9,0
205, 2025-04-04 16:08:56,997.394,2.6427,32,0
206, 2025-04-04 16:08:56,999.747,2.6515,32.1,0
207, 2025-04-04 16:08:56,1004.24,2.6692,32.4,0
208, 2025-04-04 16:08:57,1008.433,2.6856,32.6,0
209, 2025-04-04 16:08:57,1012.333,2.702,32.8,0
210, 2025-04-04 16:08:57,1015.942,2.7197,33,0
211, 2025-04-04 16:08:57,1019.26,2.7285,33.2,0
212, 2025-04-04 16:08:57,1023.683,2.7462,33.4,0
213, 2025-04-04 16:08:58,1026.317,2.7639,33.6,0
214, 2025-04-04 16:08:58,1027.534,2.7828,33.8,0
215, 2025-04-04 16:08:58,1029.796,2.8005,34.1,0
216, 2025-04-04 16:08:58,1030.841,2.8106,34.1,0
217, 2025-04-04 16:08:58,1033.696,2.8295,34.3,0
218, 2025-04-04 16:08:59,1035.385,2.8396,34.5,0
219, 2025-04-04 16:08:59,1035.385,2.851,34.7,0
220, 2025-04-04 16:08:59,1036.189,2.8611,34.7,0
221, 2025-04-04 16:08:59,1038.401,2.8813,34.9,0
222, 2025-04-04 16:08:59,1039.758,2.8914,35.2,0
223, 2025-04-04 16:08:59,1041.015,2.9091,35.4,0
224, 2025-04-04 16:09:00,1042.191,2.9268,35.6,0
225, 2025-04-04 16:09:00,1042.754,2.9356,35.7,0
226, 2025-04-04 16:09:00,1043.297,2.9444,35.8,0
227, 2025-04-04 16:09:00,1043.84,2.9533,35.9,0
228, 2025-04-04 16:09:00,1043.84,2.9634,36,0
229, 2025-04-04 16:09:00,1044.855,2.9722,36,0
230, 2025-04-04 16:09:00,1045.338,2.9811,36.1,0
231, 2025-04-04 16:09:00,1046.253,3,36.4,0
232, 2025-04-04 16:09:01,1047.148,3.0088,36.6,0
233, 2025-04-04 16:09:01,1048.002,3.0189,36.7,0
234, 2025-04-04 16:09:01,1048.002,3.029,36.8,0
235, 2025-04-04 16:09:01,1048.424,3.0404,36.8,0
236, 2025-04-04 16:09:01,1048.827,3.0492,37,0
237, 2025-04-04 16:09:01,1049.601,3.0682,37.2,0
238, 2025-04-04 16:09:01,1049.993,3.0682,37.3,0
239, 2025-04-04 16:09:01,1050.757,3.0783,37.4,0
240, 2025-04-04 16:09:02,1051.119,3.0997,37.6,0
241, 2025-04-04 16:09:02,1052.154,3.1098,37.8,0
242, 2025-04-04 16:09:02,1052.486,3.1326,38,0
243, 2025-04-04 16:09:02,1053.17,3.1528,38.2,0
244, 2025-04-04 16:09:02,1054.125,3.1705,38.4,0
245, 2025-04-04 16:09:03,1054.708,3.1793,38.6,0
246, 2025-04-04 16:09:03,1055.291,3.1982,38.9,0
247, 2025-04-04 16:09:03,1055.592,3.2172,39.1,0
248, 2025-04-04 16:09:03,1055.894,3.2273,39.1,0
249, 2025-04-04 16:09:03,1056.749,3.2386,39.4,0
250, 2025-04-04 16:09:04,1057.291,3.2576,39.6,0
251, 2025-04-04 16:09:04,1057.291,3.2689,39.6,0
252, 2025-04-04 16:09:04,1057.854,3.279,39.7,0
253, 2025-04-04 16:09:04,1058.387,3.2955,39.9,0
254, 2025-04-04 16:09:04,1058.89,3.3131,40.2,0
255, 2025-04-04 16:09:04,1059.392,3.3232,40.4,0
256, 2025-04-04 16:09:05,1059.654,3.3321,40.5,0
257, 2025-04-04 16:09:05,1059.915,3.3409,40.6,0
258, 2025-04-04 16:09:05,1060.167,3.3497,40.7,0
259, 2025-04-04 16:09:05,1060.398,3.3586,40.8,0
260, 2025-04-04 16:09:05,1060.85,3.3674,40.9,0
261, 2025-04-04 16:09:05,1060.85,3.3763,41,0
262, 2025-04-04 16:09:05,1061.081,3.3851,41.1,0
263, 2025-04-04 16:09:05,1061.323,3.3939,41.1,0
264, 2025-04-04 16:09:05,1061.564,3.4028,41.2,0
265, 2025-04-04 16:09:06,1062.026,3.4217,41.5,0
266, 2025-04-04 16:09:06,1062.439,3.4381,41.7,0
267, 2025-04-04 16:09:06,1062.881,3.4558,41.9,0
268, 2025-04-04 16:09:06,1063.102,3.4646,42,0
269, 2025-04-04 16:09:06,1063.333,3.4646,42.1,0
270, 2025-04-04 16:09:06,1063.555,3.4735,42.2,0
271, 2025-04-04 16:09:06,1063.967,3.4823,42.3,0
272, 2025-04-04 16:09:06,1064.178,3.4912,42.4,0
273, 2025-04-04 16:09:07,1064.6,3.5088,42.6,0
274, 2025-04-04 16:09:07,1064.811,3.5278,42.9,0
275, 2025-04-04 16:09:07,1065.233,3.5455,43.1,0
276, 2025-04-04 16:09:07,1065.636,3.5631,43.3,0
277, 2025-04-04 16:09:07,1065.827,3.572,43.3,0
278, 2025-04-04 16:09:07,1066.028,3.5808,43.4,0
279, 2025-04-04 16:09:08,1066.219,3.5896,43.5,0
280, 2025-04-04 16:09:08,1066.792,3.6073,43.7,0
281, 2025-04-04 16:09:08,1067.164,3.625,43.9,0
282, 2025-04-04 16:09:08,1067.566,3.6427,44.1,0
283, 2025-04-04 16:09:08,1067.948,3.6515,44.3,0
284, 2025-04-04 16:09:09,1068.31,3.6705,44.6,0
285, 2025-04-04 16:09:09,1068.651,3.6869,44.8,0
286, 2025-04-04 16:09:09,1068.843,3.697,44.9,0
287, 2025-04-04 16:09:09,1068.843,3.7058,45,0
288, 2025-04-04 16:09:09,1069.034,3.7146,45.1,0
289, 2025-04-04 16:09:09,1069.416,3.7247,45.1,0
290, 2025-04-04 16:09:09,1069.607,3.7336,45.2,0
291, 2025-04-04 16:09:09,1069.777,3.7424,45.3,0
292, 2025-04-04 16:09:10,1070.109,3.7614,45.6,0
293, 2025-04-04 16:09:10,1070.461,3.779,45.8,0
294, 2025-04-04 16:09:10,1070.823,3.7967,46,0
295, 2025-04-04 16:09:10,1070.994,3.7967,46.1,0
296, 2025-04-04 16:09:10,1071.155,3.8068,46.2,0
297, 2025-04-04 16:09:10,1071.487,3.8157,46.3,0
298, 2025-04-04 16:09:11,1071.838,3.8333,46.5,0
299, 2025-04-04 16:09:11,1072.009,3.8434,46.6,0
300, 2025-04-04 16:09:11,1072.18,3.8624,46.9,0
301, 2025-04-04 16:09:11,1072.502,3.8788,47,0
302, 2025-04-04 16:09:11,1072.673,3.8889,47.1,0
303, 2025-04-04 16:09:11,1073.025,3.9066,47.3,0
304, 2025-04-04 16:09:12,1073.547,3.9242,47.5,0
305, 2025-04-04 16:09:12,1073.879,3.9407,47.7,0
306, 2025-04-04 16:09:12,1074.221,3.9571,47.9,0
307, 2025-04-04 16:09:12,1074.543,3.9659,48.1,0
308, 2025-04-04 16:09:12,1074.854,3.9848,48.4,0
309, 2025-04-04 16:09:13,1075.156,4.0025,48.6,0
310, 2025-04-04 16:09:13,1075.156,4.0114,48.7,0
311, 2025-04-04 16:09:13,1075.307,4.0202,48.8,0
312, 2025-04-04 16:09:13,1075.468,4.029,48.8,0
313, 2025-04-04 16:09:13,1075.789,4.0391,48.9,0
314, 2025-04-04 16:09:13,1075.94,4.048,49,0
315, 2025-04-04 16:09:13,1076.242,4.0644,49.2,0
316, 2025-04-04 16:09:14,1076.563,4.0821,49.4,0
317, 2025-04-04 16:09:14,1076.885,4.0997,49.6,0
318, 2025-04-04 16:09:14,1077.177,4.1086,49.9,0
319, 2025-04-04 16:09:14,1077.488,4.1275,50.1,0
320, 2025-04-04 16:09:14,1077.649,4.1364,50.2,0
321, 2025-04-04 16:09:14,1077.649,4.1452,50.3,0
322, 2025-04-04 16:09:14,1077.991,4.1553,50.4,0
323, 2025-04-04 16:09:15,1078.142,4.1641,50.4,0
324, 2025-04-04 16:09:15,1078.282,4.173,50.5,0
325, 2025-04-04 16:09:15,1078.564,4.1907,50.7,0
326, 2025-04-04 16:09:15,1078.866,4.2083,51,0
327, 2025-04-04 16:09:15,1079.167,4.226,51.2,0
328, 2025-04-04 16:09:15,1079.318,4.226,51.3,0
329, 2025-04-04 16:09:15,1079.469,4.2361,51.4,0
330, 2025-04-04 16:09:16,1079.63,4.2449,51.5,0
331, 2025-04-04 16:09:16,1079.791,4.2538,51.6,0
332, 2025-04-04 16:09:16,1080.112,4.2626,51.7,0
333, 2025-04-04 16:09:16,1080.273,4.2715,51.8,0
334, 2025-04-04 16:09:16,1080.273,4.2803,51.9,0
335, 2025-04-04 16:09:16,1080.424,4.2891,52,0
336, 2025-04-04 16:09:16,1080.565,4.298,52.1,0
337, 2025-04-04 16:09:16,1080.715,4.3068,52.2,0
338, 2025-04-04 16:09:16,1080.866,4.3144,52.3,0
339, 2025-04-04 16:09:16,1081.017,4.3232,52.4,0
340, 2025-04-04 16:09:17,1081.319,4.3409,52.7,0
341, 2025-04-04 16:09:17,1081.59,4.3586,52.8,0
342, 2025-04-04 16:09:17,1081.721,4.3674,52.9,0
343, 2025-04-04 16:09:17,1081.851,4.3763,53,0
344, 2025-04-04 16:09:17,1082.123,4.3939,53.2,0
345, 2025-04-04 16:09:17,1082.575,4.404,53.4,0
346, 2025-04-04 16:09:18,1082.857,4.4242,53.7,0
347, 2025-04-04 16:09:18,1083.138,4.4407,53.9,0
348, 2025-04-04 16:09:18,1083.138,4.4495,54,0
349, 2025-04-04 16:09:18,1083.289,4.4596,54,0
350, 2025-04-04 16:09:18,1083.45,4.4684,54.1,0
351, 2025-04-04 16:09:18,1083.741,4.4773,54.2,0
352, 2025-04-04 16:09:18,1083.892,4.4861,54.3,0
353, 2025-04-04 16:09:19,1084.033,4.4949,54.4,0
354, 2025-04-04 16:09:19,1084.174,4.5038,54.5,0
355, 2025-04-04 16:09:19,1084.475,4.5202,54.7,0
356, 2025-04-04 16:09:19,1084.777,4.5391,54.9,0
357, 2025-04-04 16:09:19,1085.059,4.5556,55.2,0
358, 2025-04-04 16:09:19,1085.33,4.5644,55.4,0
359, 2025-04-04 16:09:20,1085.471,4.5745,55.5,0
360, 2025-04-04 16:09:20,1085.611,4.5833,55.6,0
361, 2025-04-04 16:09:20,1085.883,4.5922,55.7,0
362, 2025-04-04 16:09:20,1086.014,4.601,55.8,0
363, 2025-04-04 16:09:20,1086.014,4.6111,55.9,0
364, 2025-04-04 16:09:20,1086.144,4.6199,56,0
365, 2025-04-04 16:09:20,1086.275,4.6288,56,0
366, 2025-04-04 16:09:20,1086.416,4.6376,56.2,0
367, 2025-04-04 16:09:20,1086.567,4.6465,56.3,0
368, 2025-04-04 16:09:21,1086.888,4.6654,56.5,0
369, 2025-04-04 16:09:21,1087.029,4.6654,56.6,0
370, 2025-04-04 16:09:21,1087.31,4.6856,56.8,0
371, 2025-04-04 16:09:21,1087.582,4.7058,57,0
372, 2025-04-04 16:09:21,1088.024,4.7159,57.2,0
373, 2025-04-04 16:09:21,1088.165,4.7361,57.5,0
374, 2025-04-04 16:09:22,1088.306,4.7462,57.5,0
375, 2025-04-04 16:09:22,1088.708,4.7652,57.7,0
376, 2025-04-04 16:09:22,1088.979,4.7828,57.9,0
377, 2025-04-04 16:09:22,1089.251,4.7992,58.1,0
378, 2025-04-04 16:09:22,1089.532,4.8093,58.3,0
379, 2025-04-04 16:09:23,1089.824,4.827,58.6,0
380, 2025-04-04 16:09:23,1089.974,4.8447,58.8,0
381, 2025-04-04 16:09:23,1090.115,4.8548,58.8,0
382, 2025-04-04 16:09:23,1090.527,4.8662,59,0
383, 2025-04-04 16:09:23,1090.819,4.8864,59.3,0
384, 2025-04-04 16:09:24,1091.11,4.904,59.5,0
385, 2025-04-04 16:09:24,1091.11,4.9129,59.5,0
386, 2025-04-04 16:09:24,1091.533,4.9343,59.7,0
387, 2025-04-04 16:09:24,1091.824,4.952,60,0
388, 2025-04-04 16:09:24,1092.126,4.9609,60.2,0
389, 2025-04-04 16:09:24,1092.267,4.9697,60.3,0
390, 2025-04-04 16:09:24,1092.397,4.9798,60.4,0
391, 2025-04-04 16:09:25,1092.649,4.9886,60.5,0
392, 2025-04-04 16:09:25,1092.649,4.9987,60.6,0
393, 2025-04-04 16:09:25,1092.769,5.0076,60.7,0
394, 2025-04-04 16:09:25,1092.89,5.0164,60.7,0
395, 2025-04-04 16:09:25,1093.021,5.0253,60.8,0
396, 2025-04-04 16:09:25,1093.292,5.0429,61.1,0
397, 2025-04-04 16:09:25,1093.563,5.053,61.3,0
398, 2025-04-04 16:09:25,1093.845,5.0631,61.4,0
399, 2025-04-04 16:09:26,1093.996,5.0732,61.5,0
400, 2025-04-04 16:09:26,1093.996,5.0833,61.6,0
401, 2025-04-04 16:09:26,1094.147,5.0922,61.7,0
402, 2025-04-04 16:09:26,1094.297,5.101,61.7,0
403, 2025-04-04 16:09:26,1094.448,5.1098,61.9,0
404, 2025-04-04 16:09:26,1094.73,5.1199,62.1,0
405, 2025-04-04 16:09:26,1095.172,5.1402,62.3,0
406, 2025-04-04 16:09:26,1095.323,5.149,62.4,0
407, 2025-04-04 16:09:27,1095.604,5.1654,62.6,0
408, 2025-04-04 16:09:27,1095.856,5.1831,62.8,0
409, 2025-04-04 16:09:27,1095.996,5.2008,63.1,0
410, 2025-04-04 16:09:27,1096.429,5.2285,63.3,0
411, 2025-04-04 16:09:28,1096.821,5.2386,63.5,0
412, 2025-04-04 16:09:28,1096.941,5.2576,63.8,0
413, 2025-04-04 16:09:28,1097.062,5.2677,63.9,0
414, 2025-04-04 16:09:28,1097.193,5.2765,63.9,0
415, 2025-04-04 16:09:28,1097.333,5.2854,64,0
416, 2025-04-04 16:09:28,1097.766,5.3056,64.2,0
417, 2025-04-04 16:09:29,1098.067,5.3144,64.5,0
418, 2025-04-04 16:09:29,1098.067,5.3258,64.6,0
419, 2025-04-04 16:09:29,1098.218,5.3359,64.6,0
420, 2025-04-04 16:09:29,1098.52,5.346,64.7,0
421, 2025-04-04 16:09:29,1098.661,5.3535,64.8,0
422, 2025-04-04 16:09:29,1098.791,5.3624,64.9,0
423, 2025-04-04 16:09:29,1099.053,5.3737,65.2,0
424, 2025-04-04 16:09:29,1099.193,5.3838,65.3,0
425, 2025-04-04 16:09:29,1099.334,5.3927,65.4,0
426, 2025-04-04 16:09:30,1099.475,5.4015,65.5,0
427, 2025-04-04 16:09:30,1099.756,5.4104,65.6,0
428, 2025-04-04 16:09:30,1099.897,5.4192,65.7,0
429, 2025-04-04 16:09:30,1100.038,5.428,65.8,0
430, 2025-04-04 16:09:30,1100.038,5.4381,65.9,0
431, 2025-04-04 16:09:30,1100.5,5.4672,66.2,0
432, 2025-04-04 16:09:30,1100.922,5.4773,66.4,0
433, 2025-04-04 16:09:31,1101.043,5.4861,66.5,0
434, 2025-04-04 16:09:31,1101.294,5.5038,66.7,0
435, 2025-04-04 16:09:31,1101.556,5.5215,66.9,0
436, 2025-04-04 16:09:31,1101.697,5.5391,67.2,0
437, 2025-04-04 16:09:31,1101.958,5.5568,67.3,0
438, 2025-04-04 16:09:31,1102.089,5.5657,67.4,0
439, 2025-04-04 16:09:32,1102.229,5.5745,67.5,0
440, 2025-04-04 16:09:32,1102.38,5.5833,67.6,0
441, 2025-04-04 16:09:32,1102.823,5.6023,67.8,0
442, 2025-04-04 16:09:32,1103.114,5.6124,68.1,0
443, 2025-04-04 16:09:32,1103.255,5.6225,68.2,0
444, 2025-04-04 16:09:32,1103.255,5.6326,68.2,0
445, 2025-04-04 16:09:33,1103.697,5.6528,68.4,0
446, 2025-04-04 16:09:33,1103.979,5.6629,68.7,0
447, 2025-04-04 16:09:33,1103.979,5.6742,68.8,0
448, 2025-04-04 16:09:33,1104.24,5.6831,68.9,0
449, 2025-04-04 16:09:33,1104.371,5.6919,68.9,0
450, 2025-04-04 16:09:33,1104.511,5.702,69,0
451, 2025-04-04 16:09:33,1104.803,5.7197,69.2,0
452, 2025-04-04 16:09:34,1105.084,5.7374,69.5,0
453, 2025-04-04 16:09:34,1105.346,5.7462,69.7,0
454, 2025-04-04 16:09:34,1105.487,5.7563,69.8,0
455, 2025-04-04 16:09:34,1105.487,5.7652,69.9,0
456, 2025-04-04 16:09:34,1105.788,5.7765,69.9,0
457, 2025-04-04 16:09:34,1105.939,5.7854,70,0
458, 2025-04-04 16:09:34,1106.2,5.803,70.3,0
459, 2025-04-04 16:09:35,1106.442,5.8194,70.5,0
460, 2025-04-04 16:09:35,1106.572,5.8295,70.6,0
461, 2025-04-04 16:09:35,1106.713,5.8295,70.7,0
462, 2025-04-04 16:09:35,1107.025,5.8396,70.8,0
463, 2025-04-04 16:09:35,1107.176,5.8497,70.9,0
464, 2025-04-04 16:09:35,1107.176,5.8586,71,0
465, 2025-04-04 16:09:35,1107.316,5.8674,71.1,0
466, 2025-04-04 16:09:35,1107.739,5.8965,71.4,0
467, 2025-04-04 16:09:36,1108.201,5.9066,71.6,0
468, 2025-04-04 16:09:36,1108.352,5.9268,71.7,0
469, 2025-04-04 16:09:36,1108.613,5.9432,72,0
470, 2025-04-04 16:09:36,1108.744,5.9533,72.1,0
471, 2025-04-04 16:09:36,1109.005,5.9697,72.3,0
472, 2025-04-04 16:09:37,1109.428,5.9874,72.5,0
473, 2025-04-04 16:09:37,1109.689,5.9962,72.7,0
474, 2025-04-04 16:09:37,1109.98,6.0152,72.9,0
475, 2025-04-04 16:09:37,1110.262,6.0328,73.1,0
476, 2025-04-04 16:09:37,1110.403,6.0518,73.4,0
477, 2025-04-04 16:09:37,1110.543,6.0606,73.4,0
478, 2025-04-04 16:09:38,1110.684,6.0694,73.5,0
479, 2025-04-04 16:09:38,1110.825,6.0783,73.6,0
480, 2025-04-04 16:09:38,1111.277,6.096,73.8,0
481, 2025-04-04 16:09:38,1111.549,6.1136,74,0
482, 2025-04-04 16:09:38,1111.82,6.1225,74.2,0
483, 2025-04-04 16:09:38,1112.122,6.1402,74.4,0
484, 2025-04-04 16:09:39,1112.393,6.1578,74.7,0
485, 2025-04-04 16:09:39,1112.524,6.1755,74.9,0
486, 2025-04-04 16:09:39,1112.645,6.1843,75,0
487, 2025-04-04 16:09:39,1112.886,6.1932,75.1,0
488, 2025-04-04 16:09:39,1113.017,6.202,75.1,0
489, 2025-04-04 16:09:39,1113.157,6.2109,75.2,0
490, 2025-04-04 16:09:40,1113.429,6.2311,75.4,0
491, 2025-04-04 16:09:40,1113.69,6.2399,75.6,0
492, 2025-04-04 16:09:40,1113.992,6.2576,75.9,0
493, 2025-04-04 16:09:40,1114.313,6.2753,76.1,0
494, 2025-04-04 16:09:40,1114.464,6.2841,76.2,0
495, 2025-04-04 16:09:40,1114.464,6.2942,76.2,0
496, 2025-04-04 16:09:41,1114.917,6.3144,76.4,0
497, 2025-04-04 16:09:41,1115.228,6.3321,76.7,0
498, 2025-04-04 16:09:41,1115.53,6.3409,76.9,0
499, 2025-04-04 16:09:41,1115.671,6.351,77,0
500, 2025-04-04 16:09:41,1115.811,6.3598,77.1,0
501, 2025-04-04 16:09:41,1115.932,6.3674,77.2,0
502, 2025-04-04 16:09:41,1116.063,6.3763,77.3,0
503, 2025-04-04 16:09:41,1116.304,6.3851,77.4,0
504, 2025-04-04 16:09:42,1116.425,6.3939,77.5,0
505, 2025-04-04 16:09:42,1116.555,6.4028,77.6,0
506, 2025-04-04 16:09:42,1116.686,6.4116,77.7,0
507, 2025-04-04 16:09:42,1116.686,6.4205,77.8,0
508, 2025-04-04 16:09:42,1116.817,6.4293,77.8,0
509, 2025-04-04 16:09:42,1116.958,6.4381,77.9,0
510, 2025-04-04 16:09:42,1117.249,6.4571,78.2,0
511, 2025-04-04 16:09:42,1117.4,6.4659,78.3,0
512, 2025-04-04 16:09:42,1117.661,6.4659,78.4,0
513, 2025-04-04 16:09:43,1117.802,6.4773,78.5,0
514, 2025-04-04 16:09:43,1117.802,6.4861,78.6,0
515, 2025-04-04 16:09:43,1117.933,6.4949,78.7,0
516, 2025-04-04 16:09:43,1118.234,6.5126,78.8,0
517, 2025-04-04 16:09:43,1118.395,6.5215,79,0
518, 2025-04-04 16:09:43,1118.687,6.5391,79.2,0
519, 2025-04-04 16:09:43,1118.938,6.5568,79.4,0
520, 2025-04-04 16:09:44,1119.36,6.5732,79.6,0
521, 2025-04-04 16:09:44,1119.652,6.5821,79.8,0
522, 2025-04-04 16:09:44,1119.933,6.601,80,0
523, 2025-04-04 16:09:44,1120.064,6.6199,80.2,0
524, 2025-04-04 16:09:44,1120.205,6.6313,80.3,0
525, 2025-04-04 16:09:45,1120.657,6.6414,80.5,0
526, 2025-04-04 16:09:45,1120.808,6.6629,80.8,0
527, 2025-04-04 16:09:45,1120.959,6.6717,80.8,0
528, 2025-04-04 16:09:45,1121.351,6.6919,81,0
529, 2025-04-04 16:09:45,1121.612,6.7033,81.3,0
530, 2025-04-04 16:09:45,1121.612,6.7134,81.4,0
531, 2025-04-04 16:09:46,1122.004,6.7336,81.5,0
532, 2025-04-04 16:09:46,1122.266,6.7437,81.8,0
533, 2025-04-04 16:09:46,1122.266,6.7551,81.8,0
534, 2025-04-04 16:09:46,1122.718,6.774,82,0
535, 2025-04-04 16:09:46,1122.989,6.7917,82.2,0
536, 2025-04-04 16:09:47,1123.241,6.8018,82.5,0
537, 2025-04-04 16:09:47,1123.532,6.8194,82.7,0
538, 2025-04-04 16:09:47,1123.683,6.8283,82.8,0
539, 2025-04-04 16:09:47,1123.844,6.8371,82.9,0
540, 2025-04-04 16:09:47,1123.844,6.846,83,0
541, 2025-04-04 16:09:47,1124.125,6.8548,83,0
542, 2025-04-04 16:09:47,1124.266,6.8649,83.1,0
543, 2025-04-04 16:09:47,1124.407,6.8737,83.2,0
544, 2025-04-04 16:09:48,1124.708,6.8927,83.4,0
545, 2025-04-04 16:09:48,1125,6.9015,83.7,0
546, 2025-04-04 16:09:48,1125.131,6.9104,83.8,0
547, 2025-04-04 16:09:48,1125.251,6.9192,83.9,0
548, 2025-04-04 16:09:48,1125.513,6.9293,84,0
549, 2025-04-04 16:09:48,1125.513,6.9381,84.1,0
550, 2025-04-04 16:09:48,1125.653,6.947,84.2,0
551, 2025-04-04 16:09:48,1125.794,6.9558,84.2,0
552, 2025-04-04 16:09:48,1125.925,6.9659,84.3,0
553, 2025-04-04 16:09:49,1126.056,6.9747,84.4,0
554, 2025-04-04 16:09:49,1126.297,6.9924,84.7,0
555, 2025-04-04 16:09:49,1126.568,7.0101,84.9,0
556, 2025-04-04 16:09:49,1126.719,7.0189,85,0
557, 2025-04-04 16:09:49,1126.87,7.0278,85.1,0
558, 2025-04-04 16:09:49,1127.292,7.0366,85.3,0
559, 2025-04-04 16:09:50,1127.423,7.0568,85.6,0
560, 2025-04-04 16:09:50,1128.006,7.0859,85.8,0
561, 2025-04-04 16:09:50,1128.157,7.0972,86.1,0
562, 2025-04-04 16:09:50,1128.297,7.1086,86.1,0
563, 2025-04-04 16:09:50,1128.428,7.1174,86.2,0
564, 2025-04-04 16:09:50,1128.81,7.1351,86.4,0
565, 2025-04-04 16:09:51,1129.082,7.1528,86.6,0
566, 2025-04-04 16:09:51,1129.363,7.1641,86.9,0
567, 2025-04-04 16:09:51,1129.363,7.1742,87,0
568, 2025-04-04 16:09:51,1129.635,7.1843,87,0
569, 2025-04-04 16:09:51,1129.936,7.2045,87.2,0
570, 2025-04-04 16:09:52,1130.208,7.2146,87.5,0
571, 2025-04-04 16:09:52,1130.208,7.2247,87.6,0
572, 2025-04-04 16:09:52,1130.469,7.2348,87.6,0
573, 2025-04-04 16:09:52,1130.74,7.2449,87.8,0
574, 2025-04-04 16:09:52,1131.585,7.2904,88.4,0
575, 2025-04-04 16:09:53,1131.585,7.3018,88.4,0
576, 2025-04-04 16:09:53,1131.836,7.3207,88.7,0
577, 2025-04-04 16:09:53,1132.279,7.3321,88.9,0
578, 2025-04-04 16:09:53,1132.279,7.3422,89,0
579, 2025-04-04 16:09:53,1132.409,7.351,89,0
580, 2025-04-04 16:09:53,1132.641,7.3712,89.3,0
581, 2025-04-04 16:09:53,1132.761,7.3712,89.4,0
582, 2025-04-04 16:09:54,1133.013,7.3826,89.5,0
583, 2025-04-04 16:09:54,1133.013,7.3927,89.5,0
584, 2025-04-04 16:09:54,1133.143,7.4028,89.7,0
585, 2025-04-04 16:09:54,1133.415,7.4205,89.9,0
586, 2025-04-04 16:09:54,1133.696,7.4381,90.1,0
587, 2025-04-04 16:09:54,1134.128,7.4545,90.3,0
588, 2025-04-04 16:09:55,1134.44,7.4735,90.5,0
589, 2025-04-04 16:09:55,1134.752,7.4823,90.7,0
590, 2025-04-04 16:09:55,1135.053,7.5,90.9,0
591, 2025-04-04 16:09:55,1135.335,7.5177,91.1,0
592, 2025-04-04 16:09:55,1135.586,7.5341,91.4,0
593, 2025-04-04 16:09:56,1135.807,7.5518,91.6,0
594, 2025-04-04 16:09:56,1135.807,7.5619,91.7,0
595, 2025-04-04 16:09:56,1135.928,7.5707,91.8,0
596, 2025-04-04 16:09:56,1136.199,7.5795,91.8,0
597, 2025-04-04 16:09:56,1136.33,7.5896,91.9,0
598, 2025-04-04 16:09:56,1136.461,7.5985,92,0
599, 2025-04-04 16:09:56,1136.581,7.6073,92.1,0
600, 2025-04-04 16:09:56,1136.833,7.625,92.3,0
601, 2025-04-04 16:09:57,1137.124,7.6427,92.5,0
602, 2025-04-04 16:09:57,1137.416,7.6591,92.8,0
603, 2025-04-04 16:09:57,1137.687,7.6692,93,0
604, 2025-04-04 16:09:57,1137.828,7.678,93.1,0
605, 2025-04-04 16:09:57,1138.12,7.6869,93.2,0
606, 2025-04-04 16:09:57,1138.27,7.6957,93.3,0
607, 2025-04-04 16:09:57,1138.391,7.7045,93.4,0
608, 2025-04-04 16:09:58,1138.391,7.7134,93.4,0
609, 2025-04-04 16:09:58,1138.622,7.7323,93.6,0
610, 2025-04-04 16:09:58,1138.874,7.7437,93.9,0
611, 2025-04-04 16:09:58,1139.165,7.7525,94,0
612, 2025-04-04 16:09:58,1139.316,7.7614,94.1,0
613, 2025-04-04 16:09:58,1139.447,7.7702,94.2,0
614, 2025-04-04 16:09:58,1139.577,7.779,94.3,0
615, 2025-04-04 16:09:58,1139.577,7.7879,94.4,0
616, 2025-04-04 16:09:59,1139.708,7.7967,94.5,0
617, 2025-04-04 16:09:59,1139.849,7.8056,94.6,0
618, 2025-04-04 16:09:59,1140.14,7.8258,94.8,0
619, 2025-04-04 16:09:59,1140.563,7.8359,95,0
620, 2025-04-04 16:09:59,1140.693,7.8548,95.3,0
621, 2025-04-04 16:10:00,1141.065,7.8838,95.5,0
622, 2025-04-04 16:10:00,1141.467,7.9015,95.7,0
623, 2025-04-04 16:10:00,1141.729,7.9192,95.9,0
624, 2025-04-04 16:10:00,1141.99,7.9369,96.1,0
625, 2025-04-04 16:10:00,1142.271,7.9457,96.3,0
626, 2025-04-04 16:10:01,1142.533,7.9634,96.5,0
627, 2025-04-04 16:10:01,1142.774,7.9798,96.7,0
628, 2025-04-04 16:10:01,1143.036,7.9975,96.9,0
629, 2025-04-04 16:10:01,1143.327,8.0139,97.2,0
630, 2025-04-04 16:10:01,1143.599,8.0303,97.4,0
631, 2025-04-04 16:10:02,1143.719,8.0404,97.5,0
632, 2025-04-04 16:10:02,1143.84,8.0492,97.6,0
633, 2025-04-04 16:10:02,1143.981,8.0581,97.7,0
634, 2025-04-04 16:10:02,1143.981,8.0669,97.8,0
635, 2025-04-04 16:10:02,1144.272,8.0758,97.9,0
636, 2025-04-04 16:10:02,1144.423,8.0846,97.9,0
637, 2025-04-04 16:10:02,1144.714,8.1035,98.1,0
638, 2025-04-04 16:10:02,1144.966,8.1199,98.3,0
639, 2025-04-04 16:10:03,1145.227,8.1376,98.6,0
640, 2025-04-04 16:10:03,1145.469,8.1465,98.8,0
641, 2025-04-04 16:10:03,1145.589,8.1553,98.9,0
642, 2025-04-04 16:10:03,1145.71,8.1641,99,0
643, 2025-04-04 16:10:03,1145.83,8.173,99.1,0
644, 2025-04-04 16:10:03,1145.961,8.1818,99.2,0
645, 2025-04-04 16:10:03,1146.253,8.1907,99.3,0
646, 2025-04-04 16:10:03,1146.383,8.1995,99.4,0
647, 2025-04-04 16:10:04,1146.504,8.2083,99.5,0
648, 2025-04-04 16:10:04,1146.504,8.2184,99.6,0
649, 2025-04-04 16:10:04,1146.635,8.2273,99.7,0
650, 2025-04-04 16:10:04,1146.755,8.2348,99.7,0
651, 2025-04-04 16:10:04,1147.188,8.2626,100.1,0
652, 2025-04-04 16:10:04,1147.469,8.2803,100.3,0
653, 2025-04-04 16:10:05,1147.831,8.2891,100.5,0
654, 2025-04-04 16:10:05,1148.062,8.3068,100.7,0
655, 2025-04-04 16:10:05,1148.334,8.3245,100.9,0
656, 2025-04-04 16:10:05,1148.595,8.3422,101.1,0
657, 2025-04-04 16:10:05,1148.716,8.3598,101.4,0
658, 2025-04-04 16:10:05,1148.836,8.3699,101.4,0
659, 2025-04-04 16:10:06,1148.977,8.3788,101.5,0
660, 2025-04-04 16:10:06,1149.118,8.3864,101.6,0
661, 2025-04-04 16:10:06,1149.54,8.404,101.8,0
662, 2025-04-04 16:10:06,1149.791,8.423,102,0
663, 2025-04-04 16:10:06,1150.063,8.4306,102.2,0
664, 2025-04-04 16:10:06,1150.314,8.4495,102.4,0
665, 2025-04-04 16:10:07,1150.555,8.4672,102.7,0
666, 2025-04-04 16:10:07,1150.797,8.4848,102.9,0
667, 2025-04-04 16:10:07,1150.797,8.4937,103,0
668, 2025-04-04 16:10:07,1150.927,8.5025,103.1,0
669, 2025-04-04 16:10:07,1151.209,8.5114,103.1,0
670, 2025-04-04 16:10:07,1151.47,8.5316,103.3,0
671, 2025-04-04 16:10:08,1151.702,8.5404,103.6,0
672, 2025-04-04 16:10:08,1151.923,8.5581,103.8,0
673, 2025-04-04 16:10:08,1152.043,8.5682,103.9,0
674, 2025-04-04 16:10:08,1152.174,8.577,104,0
675, 2025-04-04 16:10:08,1152.425,8.5859,104.1,0
676, 2025-04-04 16:10:08,1152.425,8.5947,104.2,0
677, 2025-04-04 16:10:08,1152.546,8.6035,104.2,0
678, 2025-04-04 16:10:08,1152.677,8.6124,104.3,0
679, 2025-04-04 16:10:09,1152.938,8.6301,104.5,0
680, 2025-04-04 16:10:09,1153.23,8.6477,104.8,0
681, 2025-04-04 16:10:09,1153.662,8.6578,105,0
682, 2025-04-04 16:10:09,1153.662,8.6692,105.1,0
683, 2025-04-04 16:10:09,1153.793,8.678,105.1,0
684, 2025-04-04 16:10:09,1154.064,8.6982,105.4,0
685, 2025-04-04 16:10:10,1154.195,8.6982,105.5,0
686, 2025-04-04 16:10:10,1154.426,8.7083,105.6,0
687, 2025-04-04 16:10:10,1154.426,8.7197,105.6,0
688, 2025-04-04 16:10:10,1154.637,8.7386,105.9,0
689, 2025-04-04 16:10:10,1154.858,8.7475,106.1,0
690, 2025-04-04 16:10:10,1155.11,8.7576,106.2,0
691, 2025-04-04 16:10:10,1155.24,8.7689,106.3,0
692, 2025-04-04 16:10:10,1155.24,8.779,106.3,0
693, 2025-04-04 16:10:11,1155.502,8.7992,106.6,0
694, 2025-04-04 16:10:11,1155.763,8.7992,106.7,0
695, 2025-04-04 16:10:11,1155.894,8.8106,106.8,0
696, 2025-04-04 16:10:11,1156.165,8.8409,107.1,0
697, 2025-04-04 16:10:11,1156.547,8.8523,107.3,0
698, 2025-04-04 16:10:12,1156.668,8.8725,107.5,0
699, 2025-04-04 16:10:12,1157.05,8.8914,107.7,0
700, 2025-04-04 16:10:12,1157.281,8.9015,107.9,0
701, 2025-04-04 16:10:12,1157.392,8.9217,108.2,0
702, 2025-04-04 16:10:12,1157.492,8.9318,108.2,0
703, 2025-04-04 16:10:12,1157.864,8.9419,108.4,0
704, 2025-04-04 16:10:13,1158.125,8.9609,108.7,0
705, 2025-04-04 16:10:13,1158.125,8.971,108.8,0
706, 2025-04-04 16:10:13,1158.266,8.9811,108.8,0
707, 2025-04-04 16:10:13,1158.548,8.9899,108.9,0
708, 2025-04-04 16:10:13,1158.699,8.9987,109,0
709, 2025-04-04 16:10:13,1159,9.0088,109.2,0
710, 2025-04-04 16:10:14,1159.141,9.029,109.5,0
711, 2025-04-04 16:10:14,1159.382,9.0391,109.5,0
712, 2025-04-04 16:10:14,1159.593,9.0505,109.8,0
713, 2025-04-04 16:10:14,1159.704,9.0606,109.9,0
714, 2025-04-04 16:10:14,1159.704,9.072,110,0
715, 2025-04-04 16:10:14,1160.026,9.0922,110.1,0
716, 2025-04-04 16:10:14,1160.237,9.1023,110.4,0
717, 2025-04-04 16:10:15,1160.478,9.1124,110.5,0
718, 2025-04-04 16:10:15,1160.478,9.1225,110.6,0
719, 2025-04-04 16:10:15,1160.599,9.1326,110.6,0
720, 2025-04-04 16:10:15,1160.971,9.1439,110.9,0
721, 2025-04-04 16:10:15,1161.091,9.154,111,0
722, 2025-04-04 16:10:15,1161.202,9.1641,111.1,0
723, 2025-04-04 16:10:15,1161.202,9.1755,111.1,0
724, 2025-04-04 16:10:15,1161.604,9.1957,111.4,0
725, 2025-04-04 16:10:16,1161.875,9.2058,111.6,0
726, 2025-04-04 16:10:16,1162.006,9.226,111.7,0
727, 2025-04-04 16:10:16,1162.368,9.2361,112,0
728, 2025-04-04 16:10:16,1162.609,9.2576,112.2,0
729, 2025-04-04 16:10:16,1162.73,9.2753,112.3,0
730, 2025-04-04 16:10:17,1163.102,9.2955,112.6,0
731, 2025-04-04 16:10:17,1163.333,9.3056,112.8,0
732, 2025-04-04 16:10:17,1163.454,9.3258,113,0
733, 2025-04-04 16:10:17,1163.796,9.3447,113.2,0
734, 2025-04-04 16:10:17,1164.037,9.3624,113.4,0
735, 2025-04-04 16:10:18,1164.288,9.3712,113.6,0
736, 2025-04-04 16:10:18,1164.55,9.3889,113.9,0
737, 2025-04-04 16:10:18,1164.55,9.4003,114,0
738, 2025-04-04 16:10:18,1164.67,9.4091,114,0
739, 2025-04-04 16:10:18,1165.032,9.4192,114.2,0
740, 2025-04-04 16:10:19,1165.283,9.4394,114.5,0
741, 2025-04-04 16:10:19,1165.283,9.4508,114.5,0
742, 2025-04-04 16:10:19,1165.535,9.4609,114.6,0
743, 2025-04-04 16:10:19,1165.645,9.4697,114.7,0
744, 2025-04-04 16:10:19,1165.847,9.4874,114.9,0
745, 2025-04-04 16:10:19,1166.068,9.5051,115.1,0
746, 2025-04-04 16:10:19,1166.289,9.5215,115.3,0
747, 2025-04-04 16:10:20,1166.51,9.5391,115.6,0
748, 2025-04-04 16:10:20,1166.862,9.5492,115.8,0
749, 2025-04-04 16:10:20,1166.993,9.5593,115.9,0
750, 2025-04-04 16:10:20,1167.123,9.5682,116,0
751, 2025-04-04 16:10:20,1167.123,9.577,116.1,0
752, 2025-04-04 16:10:20,1167.244,9.5859,116.2,0
753, 2025-04-04 16:10:20,1167.375,9.5947,116.3,0
754, 2025-04-04 16:10:20,1167.505,9.6035,116.4,0
755, 2025-04-04 16:10:21,1167.636,9.6111,116.4,0
756, 2025-04-04 16:10:21,1167.767,9.6212,116.6,0
757, 2025-04-04 16:10:21,1168.139,9.6326,116.8,0
758, 2025-04-04 16:10:21,1168.259,9.6528,116.9,0
759, 2025-04-04 16:10:21,1168.601,9.673,117.2,0
760, 2025-04-04 16:10:21,1168.822,9.6907,117.4,0
761, 2025-04-04 16:10:22,1169.023,9.7008,117.6,0
762, 2025-04-04 16:10:22,1169.214,9.7184,117.9,0
763, 2025-04-04 16:10:22,1169.305,9.7361,118.1,0
764, 2025-04-04 16:10:22,1169.405,9.7462,118.2,0
765, 2025-04-04 16:10:22,1169.516,9.7551,118.2,0
766, 2025-04-04 16:10:23,1169.868,9.7753,118.4,0
767, 2025-04-04 16:10:23,1170.109,9.7854,118.7,0
768, 2025-04-04 16:10:23,1170.23,9.7955,118.8,0
769, 2025-04-04 16:10:23,1170.491,9.8056,118.9,0
770, 2025-04-04 16:10:23,1170.491,9.8131,119,0
771, 2025-04-04 16:10:23,1170.632,9.822,119.1,0
772, 2025-04-04 16:10:23,1170.763,9.8308,119.2,0
773, 2025-04-04 16:10:23,1170.883,9.8396,119.2,0
774, 2025-04-04 16:10:24,1171.125,9.851,119.5,0
775, 2025-04-04 16:10:24,1171.356,9.8624,119.6,0
776, 2025-04-04 16:10:24,1171.356,9.8712,119.7,0
777, 2025-04-04 16:10:24,1171.597,9.8914,119.8,0
778, 2025-04-04 16:10:24,1171.919,9.9028,120.1,0
779, 2025-04-04 16:10:24,1171.919,9.9129,120.2,0
780, 2025-04-04 16:10:24,1172.019,9.923,120.2,0
781, 2025-04-04 16:10:25,1172.22,9.9432,120.5,0
782, 2025-04-04 16:10:25,1172.441,9.9432,120.6,0
783, 2025-04-04 16:10:25,1172.552,9.9646,120.8,0
784, 2025-04-04 16:10:25,1173.015,9.9949,121.1,0
785, 2025-04-04 16:10:25,1173.135,10.0063,121.4,0
786, 2025-04-04 16:10:26,1173.608,10.0278,121.6,0
787, 2025-04-04 16:10:26,1173.819,10.048,121.8,0
788, 2025-04-04 16:10:26,1173.919,10.0669,122.1,0
789, 2025-04-04 16:10:26,1174.03,10.0758,122.2,0
790, 2025-04-04 16:10:26,1174.241,10.0859,122.2,0
791, 2025-04-04 16:10:26,1174.352,10.0947,122.3,0
792, 2025-04-04 16:10:27,1174.462,10.1035,122.4,0
793, 2025-04-04 16:10:27,1174.693,10.1149,122.7,0
794, 2025-04-04 16:10:27,1174.925,10.1338,122.9,0
795, 2025-04-04 16:10:27,1175.035,10.1427,123,0
796, 2025-04-04 16:10:27,1175.256,10.1515,123.1,0
797, 2025-04-04 16:10:27,1175.256,10.1616,123.1,0
798, 2025-04-04 16:10:27,1175.377,10.173,123.2,0
799, 2025-04-04 16:10:28,1175.628,10.1831,123.5,0
800, 2025-04-04 16:10:28,1175.759,10.1919,123.6,0
801, 2025-04-04 16:10:28,1175.88,10.2008,123.7,0
802, 2025-04-04 16:10:28,1176.091,10.2096,123.8,0
803, 2025-04-04 16:10:28,1176.181,10.2197,123.9,0
804, 2025-04-04 16:10:28,1176.181,10.2285,124,0
805, 2025-04-04 16:10:28,1176.362,10.2475,124.1,0
806, 2025-04-04 16:10:28,1176.463,10.2563,124.3,0
807, 2025-04-04 16:10:29,1176.674,10.274,124.5,0
808, 2025-04-04 16:10:29,1176.885,10.2904,124.7,0
809, 2025-04-04 16:10:29,1177.227,10.3081,124.9,0
810, 2025-04-04 16:10:29,1177.458,10.3169,125.1,0
811, 2025-04-04 16:10:29,1177.679,10.3346,125.3,0
812, 2025-04-04 16:10:30,1177.9,10.351,125.5,0
813, 2025-04-04 16:10:30,1178.142,10.3687,125.7,0
814, 2025-04-04 16:10:30,1178.373,10.3864,125.9,0
815, 2025-04-04 16:10:30,1178.483,10.4028,126.2,0
816, 2025-04-04 16:10:30,1178.704,10.4205,126.4,0
817, 2025-04-04 16:10:30,1178.815,10.4306,126.4,0
818, 2025-04-04 16:10:31,1179.036,10.4394,126.5,0
819, 2025-04-04 16:10:31,1179.247,10.4596,126.7,0
820, 2025-04-04 16:10:31,1179.428,10.4697,127,0
821, 2025-04-04 16:10:31,1179.609,10.4899,127.1,0
822, 2025-04-04 16:10:31,1179.8,10.5101,127.3,0
823, 2025-04-04 16:10:32,1179.991,10.5202,127.6,0
824, 2025-04-04 16:10:32,1180.203,10.5379,127.8,0
825, 2025-04-04 16:10:32,1180.333,10.5467,127.9,0
826, 2025-04-04 16:10:32,1180.333,10.5556,128,0
827, 2025-04-04 16:10:32,1180.594,10.5657,128,0
828, 2025-04-04 16:10:32,1180.725,10.5745,128.1,0
829, 2025-04-04 16:10:32,1180.946,10.5922,128.3,0
830, 2025-04-04 16:10:33,1181.158,10.6086,128.5,0
831, 2025-04-04 16:10:33,1181.369,10.6263,128.8,0
832, 2025-04-04 16:10:33,1181.58,10.6351,129,0
833, 2025-04-04 16:10:33,1181.741,10.6528,129.2,0
834, 2025-04-04 16:10:33,1181.912,10.6616,129.3,0
835, 2025-04-04 16:10:33,1181.912,10.6717,129.4,0
836, 2025-04-04 16:10:34,1182.012,10.6818,129.4,0
837, 2025-04-04 16:10:34,1182.233,10.6919,129.7,0
838, 2025-04-04 16:10:34,1182.464,10.7033,129.8,0
839, 2025-04-04 16:10:34,1182.565,10.7121,129.9,0
840, 2025-04-04 16:10:34,1182.656,10.721,130,0
841, 2025-04-04 16:10:34,1182.756,10.7298,130.1,0
842, 2025-04-04 16:10:34,1182.756,10.7386,130.2,0
843, 2025-04-04 16:10:34,1182.857,10.7475,130.3,0
844, 2025-04-04 16:10:34,1182.967,10.7563,130.3,0
845, 2025-04-04 16:10:35,1183.068,10.7664,130.5,0
846, 2025-04-04 16:10:35,1183.289,10.7841,130.7,0
847, 2025-04-04 16:10:35,1183.641,10.803,130.9,0
848, 2025-04-04 16:10:35,1183.761,10.8106,131,0
849, 2025-04-04 16:10:35,1183.872,10.8106,131.1,0
850, 2025-04-04 16:10:35,1184.073,10.8283,131.3,0
851, 2025-04-04 16:10:36,1184.264,10.846,131.5,0
852, 2025-04-04 16:10:36,1184.375,10.8649,131.8,0
853, 2025-04-04 16:10:36,1184.566,10.8826,131.9,0
854, 2025-04-04 16:10:36,1184.747,10.9003,132.1,0
855, 2025-04-04 16:10:36,1184.968,10.9091,132.3,0
856, 2025-04-04 16:10:37,1185.159,10.928,132.5,0
857, 2025-04-04 16:10:37,1185.38,10.947,132.7,0
858, 2025-04-04 16:10:37,1185.48,10.9646,133,0
859, 2025-04-04 16:10:37,1185.682,10.9823,133.2,0
860, 2025-04-04 16:10:37,1185.913,10.9912,133.2,0
861, 2025-04-04 16:10:37,1186.043,11,133.3,0
862, 2025-04-04 16:10:37,1186.164,11.0088,133.4,0
863, 2025-04-04 16:10:38,1186.395,11.0265,133.6,0
864, 2025-04-04 16:10:38,1186.606,11.0455,133.8,0
865, 2025-04-04 16:10:38,1186.828,11.0543,134,0
866, 2025-04-04 16:10:38,1187.029,11.072,134.3,0
867, 2025-04-04 16:10:39,1187.179,11.0896,134.5,0
868, 2025-04-04 16:10:39,1187.179,11.0985,134.6,0
869, 2025-04-04 16:10:39,1187.32,11.1073,134.7,0
870, 2025-04-04 16:10:39,1187.391,11.1162,134.7,0
871, 2025-04-04 16:10:39,1187.471,11.125,134.8,0
872, 2025-04-04 16:10:39,1187.642,11.1427,135,0
873, 2025-04-04 16:10:39,1187.823,11.1604,135.2,0
874, 2025-04-04 16:10:40,1188.034,11.178,135.5,0
875, 2025-04-04 16:10:40,1188.275,11.1856,135.7,0
876, 2025-04-04 16:10:40,1188.496,11.2033,135.9,0
877, 2025-04-04 16:10:40,1188.698,11.221,136.1,0
878, 2025-04-04 16:10:40,1188.909,11.2298,136.2,0
879, 2025-04-04 16:10:40,1189.029,11.2399,136.3,0
880, 2025-04-04 16:10:40,1189.13,11.2475,136.4,0
881, 2025-04-04 16:10:41,1189.23,11.2576,136.5,0
882, 2025-04-04 16:10:41,1189.23,11.2664,136.6,0
883, 2025-04-04 16:10:41,1189.321,11.2753,136.6,0
884, 2025-04-04 16:10:41,1189.411,11.2841,136.7,0
885, 2025-04-04 16:10:41,1189.502,11.2929,136.9,0
886, 2025-04-04 16:10:41,1189.703,11.3106,137.1,0
887, 2025-04-04 16:10:41,1189.803,11.3106,137.2,0
888, 2025-04-04 16:10:41,1189.984,11.322,137.3,0
889, 2025-04-04 16:10:41,1190.065,11.3308,137.4,0
890, 2025-04-04 16:10:42,1190.155,11.3409,137.5,0
891, 2025-04-04 16:10:42,1190.155,11.3497,137.6,0
892, 2025-04-04 16:10:42,1190.246,11.3586,137.7,0
893, 2025-04-04 16:10:42,1190.346,11.3674,137.7,0
894, 2025-04-04 16:10:42,1190.447,11.3763,137.9,0
895, 2025-04-04 16:10:42,1190.547,11.3864,138,0
896, 2025-04-04 16:10:42,1190.809,11.4053,138.2,0
897, 2025-04-04 16:10:42,1190.879,11.4053,138.3,0
898, 2025-04-04 16:10:43,1190.959,11.4255,138.4,0
899, 2025-04-04 16:10:43,1191.382,11.4457,138.8,0
900, 2025-04-04 16:10:43,1191.482,11.4672,139.1,0
901, 2025-04-04 16:10:43,1191.673,11.4848,139.3,0
902, 2025-04-04 16:10:43,1191.874,11.4949,139.3,0
903, 2025-04-04 16:10:44,1192.065,11.5114,139.5,0
904, 2025-04-04 16:10:44,1192.216,11.5303,139.7,0
905, 2025-04-04 16:10:44,1192.387,11.5379,139.9,0
906, 2025-04-04 16:10:44,1192.598,11.5556,140.1,0
907, 2025-04-04 16:10:44,1192.799,11.5732,140.4,0
908, 2025-04-04 16:10:45,1192.89,11.5922,140.6,0
909, 2025-04-04 16:10:45,1193.061,11.601,140.6,0
910, 2025-04-04 16:10:45,1193.272,11.6098,140.8,0
911, 2025-04-04 16:10:45,1193.473,11.6313,141.1,0
912, 2025-04-04 16:10:45,1193.553,11.6414,141.2,0
913, 2025-04-04 16:10:45,1193.553,11.6503,141.3,0
914, 2025-04-04 16:10:45,1193.704,11.6591,141.4,0
915, 2025-04-04 16:10:46,1193.795,11.6679,141.4,0
916, 2025-04-04 16:10:46,1193.965,11.6869,141.6,0
917, 2025-04-04 16:10:46,1194.237,11.6982,141.9,0
918, 2025-04-04 16:10:46,1194.327,11.7083,142,0
919, 2025-04-04 16:10:46,1194.327,11.7184,142,0
920, 2025-04-04 16:10:46,1194.428,11.7285,142.1,0
921, 2025-04-04 16:10:46,1194.629,11.7475,142.4,0
922, 2025-04-04 16:10:47,1194.89,11.7576,142.6,0
923, 2025-04-04 16:10:47,1194.971,11.7677,142.7,0
924, 2025-04-04 16:10:47,1195.061,11.7765,142.8,0
925, 2025-04-04 16:10:47,1195.162,11.7854,142.9,0
926, 2025-04-04 16:10:47,1195.162,11.7942,143,0
927, 2025-04-04 16:10:47,1195.262,11.803,143.1,0
928, 2025-04-04 16:10:47,1195.373,11.8119,143.2,0
929, 2025-04-04 16:10:47,1195.544,11.8295,143.4,0
930, 2025-04-04 16:10:48,1195.624,11.8384,143.5,0
931, 2025-04-04 16:10:48,1195.755,11.8548,143.7,0
932, 2025-04-04 16:10:48,1195.835,11.8636,143.8,0
933, 2025-04-04 16:10:48,1196.107,11.8826,144,0
934, 2025-04-04 16:10:48,1196.268,11.9003,144.2,0
935, 2025-04-04 16:10:48,1196.438,11.9091,144.4,0
936, 2025-04-04 16:10:49,1196.63,11.9255,144.6,0
937, 2025-04-04 16:10:49,1196.831,11.9432,144.8,0
938, 2025-04-04 16:10:49,1196.991,11.9596,145,0
939, 2025-04-04 16:10:49,1197.152,11.9773,145.3,0
940, 2025-04-04 16:10:50,1197.243,11.9949,145.5,0
941, 2025-04-04 16:10:50,1197.414,12.0051,145.5,0
942, 2025-04-04 16:10:50,1197.554,12.0253,145.7,0
943, 2025-04-04 16:10:50,1197.705,12.0328,146,0
944, 2025-04-04 16:10:50,1197.896,12.053,146.2,0
945, 2025-04-04 16:10:50,1198.148,12.0707,146.4,0
946, 2025-04-04 16:10:51,1198.198,12.0795,146.5,0
947, 2025-04-04 16:10:51,1198.268,12.0884,146.6,0
948, 2025-04-04 16:10:51,1198.268,12.0985,146.7,0
949, 2025-04-04 16:10:51,1198.349,12.1061,146.8,0
950, 2025-04-04 16:10:51,1198.439,12.1149,146.9,0
951, 2025-04-04 16:10:51,1198.54,12.1237,146.9,0
952, 2025-04-04 16:10:51,1198.64,12.1326,147,0
953, 2025-04-04 16:10:51,1198.821,12.1528,147.3,0
954, 2025-04-04 16:10:51,1199.002,12.1528,147.4,0
955, 2025-04-04 16:10:52,1199.093,12.1629,147.5,0
956, 2025-04-04 16:10:52,1199.093,12.173,147.6,0
957, 2025-04-04 16:10:52,1199.193,12.1831,147.6,0
958, 2025-04-04 16:10:52,1199.404,12.2008,147.9,0
959, 2025-04-04 16:10:52,1199.585,12.2172,148.1,0
960, 2025-04-04 16:10:52,1199.857,12.2348,148.3,0
961, 2025-04-04 16:10:53,1200.028,12.2538,148.5,0
962, 2025-04-04 16:10:53,1200.138,12.2639,148.7,0
963, 2025-04-04 16:10:53,1200.229,12.2816,149,0
964, 2025-04-04 16:10:53,1200.289,12.3005,149.2,0
965, 2025-04-04 16:10:53,1200.43,12.3093,149.2,0
966, 2025-04-04 16:10:53,1200.51,12.3182,149.3,0
967, 2025-04-04 16:10:54,1200.661,12.3295,149.5,0
968, 2025-04-04 16:10:54,1200.822,12.3497,149.8,0
969, 2025-04-04 16:10:54,1201.043,12.3573,149.9,0
970, 2025-04-04 16:10:54,1201.154,12.3662,150,0
971, 2025-04-04 16:10:54,1201.154,12.3763,150.1,0
972, 2025-04-04 16:10:54,1201.244,12.3851,150.1,0
973, 2025-04-04 16:10:54,1201.334,12.3939,150.2,0
974, 2025-04-04 16:10:54,1201.425,12.4028,150.3,0
975, 2025-04-04 16:10:55,1201.586,12.4205,150.5,0
976, 2025-04-04 16:10:55,1201.757,12.4394,150.8,0
977, 2025-04-04 16:10:55,1201.877,12.447,151,0
978, 2025-04-04 16:10:55,1201.928,12.4571,151.1,0
979, 2025-04-04 16:10:55,1202.058,12.4659,151.2,0
980, 2025-04-04 16:10:55,1202.139,12.4747,151.3,0
981, 2025-04-04 16:10:55,1202.239,12.4823,151.4,0
982, 2025-04-04 16:10:56,1202.34,12.4912,151.5,0
983, 2025-04-04 16:10:56,1202.34,12.5013,151.6,0
984, 2025-04-04 16:10:56,1202.43,12.5101,151.7,0
985, 2025-04-04 16:10:56,1202.521,12.5189,151.8,0
986, 2025-04-04 16:10:56,1202.682,12.5379,152,0
987, 2025-04-04 16:10:56,1202.873,12.5556,152.2,0
988, 2025-04-04 16:10:56,1202.983,12.5644,152.3,0
989, 2025-04-04 16:10:56,1203.174,12.5644,152.4,0
990, 2025-04-04 16:10:57,1203.234,12.5859,152.6,0
991, 2025-04-04 16:10:57,1203.456,12.6174,152.9,0
992, 2025-04-04 16:10:57,1203.596,12.6275,153.1,0
993, 2025-04-04 16:10:57,1203.657,12.6465,153.3,0
994, 2025-04-04 16:10:58,1203.848,12.6679,153.5,0
995, 2025-04-04 16:10:58,1203.938,12.6793,153.8,0
996, 2025-04-04 16:10:58,1204.029,12.6894,153.9,0
997, 2025-04-04 16:10:58,1204.18,12.6982,153.9,0
998, 2025-04-04 16:10:58,1204.25,12.7071,154,0
999, 2025-04-04 16:10:58,1204.32,12.7159,154.1,0
1000, 2025-04-04 16:10:58,1204.521,12.7348,154.3,0
1001, 2025-04-04 16:10:59,1204.732,12.7513,154.5,0
1002, 2025-04-04 16:10:59,1204.893,12.7689,154.7,0
1003, 2025-04-04 16:10:59,1205.034,12.7765,155,0
1004, 2025-04-04 16:10:59,1205.195,12.803,155.2,0
1005, 2025-04-04 16:10:59,1205.275,12.803,155.3,0
1006, 2025-04-04 16:10:59,1205.426,12.8119,155.4,0
1007, 2025-04-04 16:11:00,1205.486,12.8207,155.5,0
1008, 2025-04-04 16:11:00,1205.537,12.8308,155.6,0
1009, 2025-04-04 16:11:00,1205.587,12.8396,155.7,0
1010, 2025-04-04 16:11:00,1205.587,12.8485,155.8,0
1011, 2025-04-04 16:11:00,1205.708,12.8586,156,0
1012, 2025-04-04 16:11:00,1205.828,12.8699,156.1,0
1013, 2025-04-04 16:11:00,1205.899,12.8902,156.2,0
1014, 2025-04-04 16:11:01,1206.12,12.9003,156.5,0
1015, 2025-04-04 16:11:01,1206.291,12.9205,156.7,0
1016, 2025-04-04 16:11:01,1206.442,12.9381,156.9,0
1017, 2025-04-04 16:11:01,1206.512,12.9596,157.1,0
1018, 2025-04-04 16:11:01,1206.653,12.9684,157.2,0
1019, 2025-04-04 16:11:01,1206.733,12.976,157.3,0
1020, 2025-04-04 16:11:02,1206.884,12.9949,157.5,0
1021, 2025-04-04 16:11:02,1207.025,13.0126,157.7,0
1022, 2025-04-04 16:11:02,1207.135,13.0303,157.9,0
1023, 2025-04-04 16:11:02,1207.266,13.0467,158.1,0
1024, 2025-04-04 16:11:02,1207.427,13.0568,158.3,0
1025, 2025-04-04 16:11:03,1207.568,13.0732,158.6,0
1026, 2025-04-04 16:11:03,1207.688,13.0833,158.7,0
1027, 2025-04-04 16:11:03,1207.688,13.0934,158.8,0
1028, 2025-04-04 16:11:03,1207.748,13.1035,158.8,0
1029, 2025-04-04 16:11:03,1207.899,13.1212,159,0
1030, 2025-04-04 16:11:03,1208.07,13.1389,159.2,0
1031, 2025-04-04 16:11:04,1208.221,13.1477,159.5,0
1032, 2025-04-04 16:11:04,1208.362,13.1591,159.6,0
1033, 2025-04-04 16:11:04,1208.362,13.1692,159.7,0
1034, 2025-04-04 16:11:04,1208.432,13.1793,159.7,0
1035, 2025-04-04 16:11:04,1208.643,13.1894,160,0
1036, 2025-04-04 16:11:04,1208.693,13.1995,160.1,0
1037, 2025-04-04 16:11:04,1208.754,13.2096,160.2,0
1038, 2025-04-04 16:11:04,1208.754,13.2184,160.3,0
1039, 2025-04-04 16:11:05,1209.005,13.25,160.6,0
1040, 2025-04-04 16:11:05,1209.106,13.2588,160.8,0
1041, 2025-04-04 16:11:05,1209.156,13.2778,161.1,0
1042, 2025-04-04 16:11:05,1209.357,13.2992,161.2,0
1043, 2025-04-04 16:11:05,1209.498,13.3106,161.4,0
1044, 2025-04-04 16:11:06,1209.628,13.3283,161.7,0
1045, 2025-04-04 16:11:06,1209.628,13.3384,161.8,0
1046, 2025-04-04 16:11:06,1209.779,13.3472,161.8,0
1047, 2025-04-04 16:11:06,1209.96,13.3674,162,0
1048, 2025-04-04 16:11:07,1210.644,13.452,163.1,0
1049, 2025-04-04 16:11:07,1210.704,13.4596,163.3,0
1050, 2025-04-04 16:11:07,1210.744,13.4697,163.4,0
1051, 2025-04-04 16:11:08,1210.865,13.4785,163.5,0
1052, 2025-04-04 16:11:08,1210.935,13.4874,163.6,0
1053, 2025-04-04 16:11:08,1210.935,13.4962,163.7,0
1054, 2025-04-04 16:11:08,1210.996,13.5063,163.8,0
1055, 2025-04-04 16:11:08,1211.056,13.5152,163.8,0
1056, 2025-04-04 16:11:08,1211.116,13.524,163.9,0
1057, 2025-04-04 16:11:08,1211.187,13.5328,164,0
1058, 2025-04-04 16:11:08,1211.338,13.5505,164.3,0
1059, 2025-04-04 16:11:09,1211.498,13.5682,164.5,0
1060, 2025-04-04 16:11:09,1211.619,13.577,164.6,0
1061, 2025-04-04 16:11:09,1211.719,13.5859,164.8,0
1062, 2025-04-04 16:11:09,1211.84,13.6035,165,0
1063, 2025-04-04 16:11:09,1211.941,13.6212,165.2,0
1064, 2025-04-04 16:11:09,1212.031,13.6389,165.4,0
1065, 2025-04-04 16:11:10,1212.162,13.6566,165.7,0
1066, 2025-04-04 16:11:10,1212.242,13.6742,165.8,0
1067, 2025-04-04 16:11:10,1212.403,13.6831,165.9,0
1068, 2025-04-04 16:11:10,1212.474,13.6919,166,0
1069, 2025-04-04 16:11:10,1212.594,13.7096,166.2,0
1070, 2025-04-04 16:11:10,1212.735,13.7273,166.4,0
1071, 2025-04-04 16:11:11,1212.886,13.7449,166.6,0
1072, 2025-04-04 16:11:11,1212.976,13.7551,166.8,0
1073, 2025-04-04 16:11:11,1213.036,13.7727,167.1,0
1074, 2025-04-04 16:11:11,1213.117,13.7904,167.3,0
1075, 2025-04-04 16:11:11,1213.217,13.7992,167.4,0
1076, 2025-04-04 16:11:12,1213.268,13.8081,167.5,0
1077, 2025-04-04 16:11:12,1213.268,13.8182,167.6,0
1078, 2025-04-04 16:11:12,1213.318,13.827,167.6,0
1079, 2025-04-04 16:11:12,1213.358,13.8371,167.7,0
1080, 2025-04-04 16:11:12,1213.459,13.8548,167.9,0
1081, 2025-04-04 16:11:12,1213.569,13.8725,168.2,0
1082, 2025-04-04 16:11:12,1213.69,13.8813,168.4,0
1083, 2025-04-04 16:11:13,1213.811,13.8902,168.5,0
1084, 2025-04-04 16:11:13,1213.881,13.9003,168.6,0
1085, 2025-04-04 16:11:13,1213.951,13.9091,168.7,0
1086, 2025-04-04 16:11:13,1214.032,13.9179,168.8,0
1087, 2025-04-04 16:11:13,1214.112,13.9268,168.9,0
1088, 2025-04-04 16:11:13,1214.182,13.9356,169,0
1089, 2025-04-04 16:11:13,1214.243,13.9444,169.1,0
1090, 2025-04-04 16:11:13,1214.313,13.9621,169.3,0
1091, 2025-04-04 16:11:14,1214.444,13.9798,169.5,0
1092, 2025-04-04 16:11:14,1214.575,13.9975,169.7,0
1093, 2025-04-04 16:11:14,1214.675,14.0139,169.9,0
1094, 2025-04-04 16:11:14,1214.746,14.0227,170,0
1095, 2025-04-04 16:11:14,1214.776,14.0316,170.1,0
1096, 2025-04-04 16:11:14,1214.816,14.0404,170.2,0
1097, 2025-04-04 16:11:14,1214.927,14.0581,170.4,0
1098, 2025-04-04 16:11:15,1215.047,14.0758,170.6,0
1099, 2025-04-04 16:11:15,1215.148,14.0846,170.8,0
1100, 2025-04-04 16:11:15,1215.268,14.1023,171.1,0
1101, 2025-04-04 16:11:15,1215.399,14.1199,171.3,0
1102, 2025-04-04 16:11:15,1215.53,14.1275,171.4,0
1103, 2025-04-04 16:11:16,1215.58,14.1364,171.5,0
1104, 2025-04-04 16:11:16,1215.63,14.1452,171.6,0
1105, 2025-04-04 16:11:16,1215.63,14.154,171.7,0
1106, 2025-04-04 16:11:16,1215.681,14.1629,171.8,0
1107, 2025-04-04 16:11:16,1215.731,14.1717,171.8,0
1108, 2025-04-04 16:11:16,1215.781,14.1818,171.9,0
1109, 2025-04-04 16:11:16,1215.821,14.1907,172,0
1110, 2025-04-04 16:11:16,1215.902,14.2083,172.2,0
1111, 2025-04-04 16:11:17,1215.972,14.226,172.5,0
1112, 2025-04-04 16:11:17,1216.083,14.226,172.6,0
1113, 2025-04-04 16:11:17,1216.143,14.2374,172.7,0
1114, 2025-04-04 16:11:17,1216.143,14.2487,172.7,0
1115, 2025-04-04 16:11:17,1216.254,14.2677,173,0
1116, 2025-04-04 16:11:17,1216.404,14.2854,173.2,0
1117, 2025-04-04 16:11:17,1216.515,14.2942,173.4,0
1118, 2025-04-04 16:11:18,1216.626,14.3131,173.6,0
1119, 2025-04-04 16:11:18,1216.726,14.3308,173.8,0
1120, 2025-04-04 16:11:18,1216.776,14.3485,174,0
1121, 2025-04-04 16:11:18,1216.987,14.3687,174.3,0
1122, 2025-04-04 16:11:19,1217.068,14.3889,174.5,0
1123, 2025-04-04 16:11:19,1217.108,14.4078,174.7,0
1124, 2025-04-04 16:11:19,1217.229,14.4179,174.9,0
1125, 2025-04-04 16:11:19,1217.289,14.4394,175.2,0
1126, 2025-04-04 16:11:19,1217.309,14.4571,175.4,0
1127, 2025-04-04 16:11:19,1217.37,14.4659,175.5,0
1128, 2025-04-04 16:11:20,1217.41,14.4747,175.5,0
1129, 2025-04-04 16:11:20,1217.46,14.4848,175.6,0
1130, 2025-04-04 16:11:20,1217.57,14.4937,175.8,0
1131, 2025-04-04 16:11:20,1217.671,14.5139,176.1,0
1132, 2025-04-04 16:11:20,1217.782,14.524,176.2,0
1133, 2025-04-04 16:11:20,1217.782,14.5328,176.2,0
1134, 2025-04-04 16:11:20,1217.842,14.5429,176.3,0
1135, 2025-04-04 16:11:21,1217.953,14.5543,176.6,0
1136, 2025-04-04 16:11:21,1218.053,14.5644,176.7,0
1137, 2025-04-04 16:11:21,1218.053,14.5745,176.7,0
1138, 2025-04-04 16:11:21,1218.103,14.5846,176.8,0
1139, 2025-04-04 16:11:21,1218.164,14.5934,176.9,0
1140, 2025-04-04 16:11:21,1218.254,14.6035,177.2,0
1141, 2025-04-04 16:11:21,1218.345,14.6225,177.4,0
1142, 2025-04-04 16:11:22,1218.345,14.6313,177.5,0
1143, 2025-04-04 16:11:22,1218.355,14.6414,177.6,0
1144, 2025-04-04 16:11:22,1218.375,14.6503,177.6,0
1145, 2025-04-04 16:11:22,1218.395,14.6591,177.7,0
1146, 2025-04-04 16:11:22,1218.445,14.678,178,0
1147, 2025-04-04 16:11:22,1218.536,14.6957,178.2,0
1148, 2025-04-04 16:11:22,1218.616,14.6957,178.3,0
1149, 2025-04-04 16:11:22,1218.666,14.7058,178.4,0
1150, 2025-04-04 16:11:23,1218.717,14.7146,178.5,0
1151, 2025-04-04 16:11:23,1218.777,14.7247,178.6,0
1152, 2025-04-04 16:11:23,1218.837,14.7323,178.7,0
1153, 2025-04-04 16:11:23,1218.877,14.7513,178.9,0
1154, 2025-04-04 16:11:23,1218.948,14.7677,179.2,0
1155, 2025-04-04 16:11:23,1218.988,14.7854,179.3,0
1156, 2025-04-04 16:11:23,1219.038,14.7942,179.4,0
1157, 2025-04-04 16:11:24,1219.068,14.8043,179.5,0
1158, 2025-04-04 16:11:24,1219.099,14.8131,179.6,0
1159, 2025-04-04 16:11:24,1219.169,14.8308,179.8,0
1160, 2025-04-04 16:11:24,1219.27,14.8396,180,0
1161, 2025-04-04 16:11:24,1219.37,14.8586,180.3,0
1162, 2025-04-04 16:11:25,1219.511,14.8763,180.5,0
1163, 2025-04-04 16:11:25,1219.511,14.8851,180.6,0
1164, 2025-04-04 16:11:25,1219.551,14.8939,180.7,0
1165, 2025-04-04 16:11:25,1219.601,14.904,180.7,0
1166, 2025-04-04 16:11:25,1219.641,14.9129,180.8,0
1167, 2025-04-04 16:11:25,1219.682,14.9217,180.9,0
1168, 2025-04-04 16:11:26,1219.903,15.0152,182,0
1169, 2025-04-04 16:11:26,1219.973,15.0328,182.3,0
1170, 2025-04-04 16:11:27,1220.054,15.0505,182.5,0
1171, 2025-04-04 16:11:27,1220.144,15.0505,182.6,0
1172, 2025-04-04 16:11:27,1220.184,15.0593,182.7,0
1173, 2025-04-04 16:11:27,1220.214,15.0694,182.8,0
1174, 2025-04-04 16:11:27,1220.214,15.0795,182.9,0
1175, 2025-04-04 16:11:27,1220.265,15.0896,182.9,0
1176, 2025-04-04 16:11:27,1220.396,15.1098,183.2,0
1177, 2025-04-04 16:11:27,1220.416,15.1187,183.3,0
1178, 2025-04-04 16:11:28,1220.456,15.1275,183.5,0
1179, 2025-04-04 16:11:28,1220.506,15.1452,183.7,0
1180, 2025-04-04 16:11:28,1220.566,15.1629,183.9,0
1181, 2025-04-04 16:11:28,1220.597,15.1818,184.1,0
1182, 2025-04-04 16:11:28,1220.597,15.1982,184.4,0
1183, 2025-04-04 16:11:29,1220.586,15.2159,184.6,0
1184, 2025-04-04 16:11:29,1220.607,15.2247,184.7,0
1185, 2025-04-04 16:11:29,1220.647,15.2336,184.7,0
1186, 2025-04-04 16:11:29,1220.677,15.2424,184.8,0
1187, 2025-04-04 16:11:29,1220.707,15.2513,184.9,0
1188, 2025-04-04 16:11:29,1220.757,15.2689,185.1,0
1189, 2025-04-04 16:11:29,1220.828,15.2866,185.3,0
1190, 2025-04-04 16:11:30,1220.908,15.2967,185.6,0
1191, 2025-04-04 16:11:30,1220.948,15.3144,185.8,0
1192, 2025-04-04 16:11:30,1220.948,15.3232,185.9,0
1193, 2025-04-04 16:11:30,1220.958,15.3333,185.9,0
1194, 2025-04-04 16:11:30,1220.979,15.3523,186.1,0
1195, 2025-04-04 16:11:30,1220.948,15.3624,186.4,0
1196, 2025-04-04 16:11:31,1220.948,15.3737,186.5,0
1197, 2025-04-04 16:11:31,1220.948,15.3826,186.6,0
1198, 2025-04-04 16:11:31,1220.948,15.3914,186.6,0
1199, 2025-04-04 16:11:31,1220.948,15.4003,186.7,0
1200, 2025-04-04 16:11:31,1220.969,15.4091,186.8,0
1201, 2025-04-04 16:11:31,1220.989,15.4179,186.9,0
1202, 2025-04-04 16:11:31,1220.999,15.4268,187,0
1203, 2025-04-04 16:11:31,1221.019,15.4444,187.3,0
1204, 2025-04-04 16:11:31,1221.029,15.4545,187.4,0
1205, 2025-04-04 16:11:32,1221.059,15.4646,187.6,0
1206, 2025-04-04 16:11:32,1221.099,15.4899,187.8,0
1207, 2025-04-04 16:11:32,1221.139,15.4987,188,0
1208, 2025-04-04 16:11:32,1221.15,15.5202,188.2,0
1209, 2025-04-04 16:11:32,1221.18,15.5303,188.4,0
1210, 2025-04-04 16:11:33,1221.2,15.5518,188.7,0
1211, 2025-04-04 16:11:33,1221.19,15.5694,188.9,0
1212, 2025-04-04 16:11:33,1221.159,15.5795,188.9,0
1213, 2025-04-04 16:11:33,1221.119,15.5972,189.1,0
1214, 2025-04-04 16:11:33,1221.069,15.6149,189.3,0
1215, 2025-04-04 16:11:34,1221.019,15.625,189.6,0
1216, 2025-04-04 16:11:34,1220.979,15.6351,189.7,0
1217, 2025-04-04 16:11:34,1220.979,15.6452,189.8,0
1218, 2025-04-04 16:11:34,1220.969,15.654,189.9,0
1219, 2025-04-04 16:11:34,1220.958,15.6641,189.9,0
1220, 2025-04-04 16:11:34,1220.948,15.6818,190.2,0
1221, 2025-04-04 16:11:34,1220.938,15.6919,190.4,0
1222, 2025-04-04 16:11:35,1220.928,15.702,190.5,0
1223, 2025-04-04 16:11:35,1220.928,15.7109,190.6,0
1224, 2025-04-04 16:11:35,1220.928,15.721,190.7,0
1225, 2025-04-04 16:11:35,1220.918,15.7298,190.8,0
1226, 2025-04-04 16:11:35,1220.898,15.7386,190.9,0
1227, 2025-04-04 16:11:35,1220.878,15.7475,190.9,0
1228, 2025-04-04 16:11:35,1220.848,15.7551,191.1,0
1229, 2025-04-04 16:11:35,1220.727,15.7828,191.4,0
1230, 2025-04-04 16:11:36,1220.627,15.7929,191.6,0
1231, 2025-04-04 16:11:36,1220.576,15.8131,191.7,0
1232, 2025-04-04 16:11:36,1220.385,15.8434,192.1,0
1233, 2025-04-04 16:11:36,1220.295,15.8523,192.3,0
1234, 2025-04-04 16:11:37,1220.235,15.8725,192.5,0
1235, 2025-04-04 16:11:37,1220.064,15.8838,192.7,0
1236, 2025-04-04 16:11:37,1219.963,15.9028,192.9,0
1237, 2025-04-04 16:11:37,1219.903,15.9217,193.1,0
1238, 2025-04-04 16:11:37,1219.692,15.9331,193.3,0
1239, 2025-04-04 16:11:38,1219.541,15.952,193.5,0
1240, 2025-04-04 16:11:38,1219.4,15.9684,193.7,0
1241, 2025-04-04 16:11:38,1219.239,15.9861,193.9,0
1242, 2025-04-04 16:11:38,1219.038,16.0025,194.2,0
1243, 2025-04-04 16:11:38,1218.707,16.0202,194.4,0
1244, 2025-04-04 16:11:39,1218.707,16.0316,194.4,0
1245, 2025-04-04 16:11:39,1218.485,16.0505,194.6,0
1246, 2025-04-04 16:11:39,1218.264,16.0606,194.9,0
1247, 2025-04-04 16:11:39,1218.023,16.0707,195,0
1248, 2025-04-04 16:11:39,1218.023,16.0808,195,0
1249, 2025-04-04 16:11:39,1217.771,16.0997,195.2,0
1250, 2025-04-04 16:11:40,1217.309,16.1098,195.5,0
1251, 2025-04-04 16:11:40,1217.148,16.1212,195.6,0
1252, 2025-04-04 16:11:40,1217.148,16.1313,195.6,0
1253, 2025-04-04 16:11:40,1216.998,16.1414,195.7,0
1254, 2025-04-04 16:11:40,1216.686,16.1604,196,0
1255, 2025-04-04 16:11:40,1216.344,16.1604,196.1,0
1256, 2025-04-04 16:11:40,1216.344,16.1717,196.2,0
1257, 2025-04-04 16:11:40,1216.163,16.1818,196.2,0
1258, 2025-04-04 16:11:41,1215.6,16.202,196.5,0
1259, 2025-04-04 16:11:41,1215.419,16.202,196.6,0
1260, 2025-04-04 16:11:41,1215.228,16.2121,196.7,0
1261, 2025-04-04 16:11:41,1215.228,16.2222,196.8,0
1262, 2025-04-04 16:11:41,1215.027,16.2311,196.9,0
1263, 2025-04-04 16:11:41,1214.595,16.25,197.1,0
1264, 2025-04-04 16:11:41,1214.122,16.2677,197.3,0
1265, 2025-04-04 16:11:42,1213.408,16.2866,197.5,0
1266, 2025-04-04 16:11:42,1212.896,16.2967,197.7,0
1267, 2025-04-04 16:11:42,1212.051,16.3295,198,0
1268, 2025-04-04 16:11:42,1211.488,16.3396,198.3,0
1269, 2025-04-04 16:11:42,1210.895,16.3573,198.5,0
1270, 2025-04-04 16:11:43,1209.93,16.375,198.7,0
1271, 2025-04-04 16:11:43,1209.608,16.3927,198.9,0
1272, 2025-04-04 16:11:43,1209.287,16.4015,199,0
1273, 2025-04-04 16:11:44,1208.955,16.4104,199,0
1274, 2025-04-04 16:11:44,1205.175,16.4949,200,0
1275, 2025-04-04 16:11:44,1204.743,16.5038,200.1,0
1276, 2025-04-04 16:11:44,1204.31,16.5126,200.2,0
1277, 2025-04-04 16:11:45,1203.436,16.5303,200.4,0
1278, 2025-04-04 16:11:45,1202.531,16.548,200.7,0
1279, 2025-04-04 16:11:45,1201.133,16.5568,200.9,0
1280, 2025-04-04 16:11:45,1200.661,16.5669,201,0
1281, 2025-04-04 16:11:45,1200.198,16.5758,201.1,0
1282, 2025-04-04 16:11:45,1199.716,16.5833,201.2,0
1283, 2025-04-04 16:11:45,1199.223,16.5934,201.3,0
1284, 2025-04-04 16:11:45,1199.223,16.601,201.4,0
1285, 2025-04-04 16:11:46,1198.711,16.6124,201.4,0
1286, 2025-04-04 16:11:46,1197.132,16.6225,201.7,0
1287, 2025-04-04 16:11:46,1196.097,16.6427,201.9,0
1288, 2025-04-04 16:11:46,1195.574,16.6604,202.1,0
1289, 2025-04-04 16:11:46,1195.031,16.6705,202.1,0
1290, 2025-04-04 16:11:46,1193.312,16.6894,202.4,0
1291, 2025-04-04 16:11:47,1192.146,16.702,202.6,0
1292, 2025-04-04 16:11:47,1190.97,16.7197,202.9,0
1293, 2025-04-04 16:11:47,1190.366,16.7374,203.1,0
1294, 2025-04-04 16:11:47,1189.13,16.7462,203.2,0
1295, 2025-04-04 16:11:47,1188.506,16.7551,203.3,0
1296, 2025-04-04 16:11:47,1187.883,16.7639,203.3,0
1297, 2025-04-04 16:11:48,1187.25,16.774,203.4,0
1298, 2025-04-04 16:11:48,1185.973,16.7917,203.6,0
1299, 2025-04-04 16:11:48,1184.656,16.8093,203.8,0
1300, 2025-04-04 16:11:48,1183.339,16.8258,204,0
1301, 2025-04-04 16:11:48,1182.022,16.8434,204.2,0
1302, 2025-04-04 16:11:49,1179.951,16.8548,204.5,0
1303, 2025-04-04 16:11:49,1179.247,16.8636,204.6,0
1304, 2025-04-04 16:11:49,1178.544,16.8725,204.7,0
1305, 2025-04-04 16:11:49,1178.544,16.8813,204.8,0
1306, 2025-04-04 16:11:49,1177.83,16.8902,204.9,0
1307, 2025-04-04 16:11:49,1177.126,16.899,204.9,0
1308, 2025-04-04 16:11:49,1176.412,16.9078,205,0
1309, 2025-04-04 16:11:49,1175.689,16.9167,205.1,0
1310, 2025-04-04 16:11:49,1174.945,16.9255,205.2,0
1311, 2025-04-04 16:11:49,1174.191,16.9331,205.4,0
1312, 2025-04-04 16:11:50,1173.437,16.9419,205.5,0
1313, 2025-04-04 16:11:50,1171.929,16.9596,205.7,0
1314, 2025-04-04 16:11:50,1170.401,16.9684,205.8,0
1315, 2025-04-04 16:11:50,1169.616,16.9684,205.9,0
1316, 2025-04-04 16:11:50,1168.822,16.9773,206,0
1317, 2025-04-04 16:11:50,1168.038,16.9861,206.1,0
1318, 2025-04-04 16:11:50,1166.46,17.0051,206.3,0
1319, 2025-04-04 16:11:50,1165.676,17.0126,206.4,0
1320, 2025-04-04 16:11:51,1164.891,17.0316,206.6,0
1321, 2025-04-04 16:11:51,1161.644,17.0593,206.9,0
1322, 2025-04-04 16:11:51,1160.005,17.077,207.1,0
1323, 2025-04-04 16:11:51,1158.347,17.0859,207.3,0
1324, 2025-04-04 16:11:52,1156.648,17.1048,207.5,0
1325, 2025-04-04 16:11:52,1154.888,17.1225,207.7,0
1326, 2025-04-04 16:11:52,1153.139,17.1389,208,0
1327, 2025-04-04 16:11:52,1151.4,17.1566,208.2,0
1328, 2025-04-04 16:11:52,1148.746,17.1742,208.4,0
1329, 2025-04-04 16:11:53,1147.861,17.1831,208.5,0
1330, 2025-04-04 16:11:53,1146.966,17.1907,208.6,0
1331, 2025-04-04 16:11:53,1146.966,17.2008,208.7,0
1332, 2025-04-04 16:11:53,1146.072,17.2083,208.8,0
1333, 2025-04-04 16:11:53,1145.167,17.2172,208.9,0
1334, 2025-04-04 16:11:53,1144.242,17.2273,208.9,0
1335, 2025-04-04 16:11:53,1142.382,17.2475,209.2,0
1336, 2025-04-04 16:11:53,1140.532,17.2475,209.3,0
1337, 2025-04-04 16:11:53,1139.607,17.2563,209.4,0
1338, 2025-04-04 16:11:54,1138.673,17.2652,209.5,0
1339, 2025-04-04 16:11:54,1137.728,17.2753,209.6,0
1340, 2025-04-04 16:11:54,1136.772,17.2828,209.7,0
1341, 2025-04-04 16:11:54,1136.772,17.2917,209.8,0
1342, 2025-04-04 16:11:54,1135.807,17.303,209.8,0
1343, 2025-04-04 16:11:54,1132.932,17.3131,210.1,0
1344, 2025-04-04 16:11:54,1131.967,17.3245,210.2,0
1345, 2025-04-04 16:11:54,1131.967,17.3346,210.3,0
1346, 2025-04-04 16:11:55,1128.056,17.3624,210.6,0
1347, 2025-04-04 16:11:55,1126.076,17.3813,210.8,0
1348, 2025-04-04 16:11:55,1124.085,17.3902,211,0
1349, 2025-04-04 16:11:55,1122.064,17.4078,211.2,0
1350, 2025-04-04 16:11:55,1121.049,17.4268,211.5,0
1351, 2025-04-04 16:11:56,1120.024,17.4369,211.5,0
1352, 2025-04-04 16:11:56,1117.993,17.447,211.6,0
1353, 2025-04-04 16:11:56,1115.952,17.4659,211.8,0
1354, 2025-04-04 16:11:56,1113.871,17.476,212.1,0
1355, 2025-04-04 16:11:56,1110.704,17.4949,212.3,0
1356, 2025-04-04 16:11:56,1110.704,17.5038,212.4,0
1357, 2025-04-04 16:11:57,1109.659,17.5126,212.5,0
1358, 2025-04-04 16:11:57,1108.603,17.5215,212.6,0
1359, 2025-04-04 16:11:57,1107.538,17.5316,212.6,0
1360, 2025-04-04 16:11:57,1106.462,17.5404,212.7,0
1361, 2025-04-04 16:11:57,1104.3,17.5606,213,0
1362, 2025-04-04 16:11:57,1101.073,17.5707,213.2,0
1363, 2025-04-04 16:11:57,1099.988,17.5808,213.3,0
1364, 2025-04-04 16:11:57,1099.988,17.5896,213.3,0
1365, 2025-04-04 16:11:58,1097.786,17.6098,213.6,0
1366, 2025-04-04 16:11:58,1095.564,17.6098,213.7,0
1367, 2025-04-04 16:11:58,1094.458,17.6212,213.8,0
1368, 2025-04-04 16:11:58,1093.352,17.6313,213.9,0
1369, 2025-04-04 16:11:58,1093.352,17.6402,214,0
1370, 2025-04-04 16:11:58,1092.246,17.649,214.1,0
1371, 2025-04-04 16:11:58,1091.12,17.6591,214.2,0
1372, 2025-04-04 16:11:58,1089.984,17.6679,214.2,0
1373, 2025-04-04 16:11:59,1086.567,17.6793,214.5,0
1374, 2025-04-04 16:11:59,1084.264,17.6982,214.7,0
1375, 2025-04-04 16:11:59,1083.108,17.7184,214.9,0
1376, 2025-04-04 16:11:59,1079.62,17.7386,215.1,0
1377, 2025-04-04 16:11:59,1077.297,17.7475,215.3,0
1378, 2025-04-04 16:12:00,1074.975,17.7677,215.6,0
1379, 2025-04-04 16:12:00,1072.603,17.7854,215.7,0
1380, 2025-04-04 16:12:00,1070.21,17.8056,215.9,0
1381, 2025-04-04 16:12:00,1069.003,17.8169,216.2,0
1382, 2025-04-04 16:12:00,1066.601,17.827,216.3,0
1383, 2025-04-04 16:12:01,1064.178,17.846,216.4,0
1384, 2025-04-04 16:12:01,1060.478,17.8561,216.7,0
1385, 2025-04-04 16:12:01,1060.478,17.8662,216.8,0
1386, 2025-04-04 16:12:01,1059.242,17.8763,216.8,0
1387, 2025-04-04 16:12:01,1058.005,17.8864,216.9,0
1388, 2025-04-04 16:12:01,1055.522,17.904,217.1,0
1389, 2025-04-04 16:12:01,1053.009,17.9217,217.4,0
1390, 2025-04-04 16:12:02,1049.198,17.9306,217.6,0
1391, 2025-04-04 16:12:02,1047.922,17.9394,217.7,0
1392, 2025-04-04 16:12:02,1046.645,17.9495,217.8,0
1393, 2025-04-04 16:12:02,1046.645,17.9609,217.8,0
1394, 2025-04-04 16:12:02,1044.081,17.9798,218.1,0
1395, 2025-04-04 16:12:02,1040.221,17.9886,218.3,0
1396, 2025-04-04 16:12:02,1038.944,17.9987,218.4,0
1397, 2025-04-04 16:12:03,1037.657,18.0088,218.5,0
1398, 2025-04-04 16:12:03,1037.657,18.0177,218.6,0
1399, 2025-04-04 16:12:03,1036.37,18.0278,218.7,0
1400, 2025-04-04 16:12:03,1033.747,18.048,218.9,0
1401, 2025-04-04 16:12:03,1031.093,18.048,219,0
1402, 2025-04-04 16:12:03,1029.755,18.0593,219.1,0
1403, 2025-04-04 16:12:03,1029.755,18.0694,219.2,0
1404, 2025-04-04 16:12:04,1024.397,18.0985,219.5,0
1405, 2025-04-04 16:12:04,1021.703,18.1098,219.7,0
1406, 2025-04-04 16:12:04,1020.336,18.1301,219.9,0
1407, 2025-04-04 16:12:04,1016.234,18.1402,220.1,0
1408, 2025-04-04 16:12:04,1013.479,18.1604,220.4,0
1409, 2025-04-04 16:12:05,1012.102,18.178,220.6,0
1410, 2025-04-04 16:12:05,1009.317,18.1869,220.6,0
1411, 2025-04-04 16:12:05,1006.532,18.2058,220.8,0
1412, 2025-04-04 16:12:05,1003.738,18.2159,221.1,0
1413, 2025-04-04 16:12:05,1000.913,18.2361,221.3,0
1414, 2025-04-04 16:12:06,998.078,18.2563,221.4,0
1415, 2025-04-04 16:12:06,995.233,18.2664,221.7,0
1416, 2025-04-04 16:12:06,992.347,18.2854,221.9,0
1417, 2025-04-04 16:12:06,990.89,18.2955,221.9,0
1418, 2025-04-04 16:12:06,987.974,18.3144,222.1,0
1419, 2025-04-04 16:12:06,985.069,18.3245,222.4,0
1420, 2025-04-04 16:12:07,980.655,18.3422,222.6,0
1421, 2025-04-04 16:12:07,980.655,18.3523,222.7,0
1422, 2025-04-04 16:12:07,977.68,18.3737,222.8,0
1423, 2025-04-04 16:12:07,973.206,18.3851,223.1,0
1424, 2025-04-04 16:12:07,973.206,18.3939,223.2,0
1425, 2025-04-04 16:12:07,971.708,18.404,223.2,0
1426, 2025-04-04 16:12:07,970.2,18.4129,223.3,0
1427, 2025-04-04 16:12:08,968.692,18.4217,223.4,0
1428, 2025-04-04 16:12:08,965.636,18.4407,223.7,0
1429, 2025-04-04 16:12:08,962.56,18.4495,223.8,0
1430, 2025-04-04 16:12:08,961.011,18.4583,223.9,0
1431, 2025-04-04 16:12:08,957.905,18.4684,224.1,0
1432, 2025-04-04 16:12:08,957.905,18.4785,224.2,0
1433, 2025-04-04 16:12:09,951.692,18.5063,224.5,0
1434, 2025-04-04 16:12:09,948.565,18.524,224.7,0
1435, 2025-04-04 16:12:09,945.419,18.5354,224.9,0
1436, 2025-04-04 16:12:09,943.84,18.5543,225.2,0
1437, 2025-04-04 16:12:09,940.674,18.5644,225.2,0
1438, 2025-04-04 16:12:09,937.487,18.5745,225.4,0
1439, 2025-04-04 16:12:10,935.868,18.5947,225.7,0
1440, 2025-04-04 16:12:10,932.621,18.6048,225.8,0
1441, 2025-04-04 16:12:10,929.374,18.625,225.9,0
1442, 2025-04-04 16:12:10,926.106,18.6414,226.1,0
1443, 2025-04-04 16:12:10,922.799,18.6591,226.3,0
1444, 2025-04-04 16:12:11,919.471,18.6679,226.5,0
1445, 2025-04-04 16:12:11,914.465,18.6869,226.8,0
1446, 2025-04-04 16:12:11,914.465,18.6957,226.9,0
1447, 2025-04-04 16:12:11,912.776,18.7058,227,0
1448, 2025-04-04 16:12:11,911.087,18.7159,227,0
1449, 2025-04-04 16:12:11,907.669,18.7336,227.2,0
1450, 2025-04-04 16:12:12,904.251,18.7437,227.5,0
1451, 2025-04-04 16:12:12,899.113,18.7626,227.7,0
1452, 2025-04-04 16:12:12,897.384,18.7715,227.8,0
1453, 2025-04-04 16:12:12,895.655,18.7803,227.9,0
1454, 2025-04-04 16:12:12,895.655,18.7891,228,0
1455, 2025-04-04 16:12:12,893.906,18.798,228.1,0
1456, 2025-04-04 16:12:12,892.167,18.8068,228.1,0
1457, 2025-04-04 16:12:12,890.417,18.8169,228.2,0
1458, 2025-04-04 16:12:13,886.899,18.8333,228.4,0
1459, 2025-04-04 16:12:13,883.34,18.8523,228.7,0
1460, 2025-04-04 16:12:13,877.941,18.8624,228.9,0
1461, 2025-04-04 16:12:13,877.941,18.8725,229,0
1462, 2025-04-04 16:12:13,876.132,18.8826,229,0
1463, 2025-04-04 16:12:13,870.683,18.8939,229.3,0
1464, 2025-04-04 16:12:13,868.863,18.904,229.4,0
1465, 2025-04-04 16:12:14,868.863,18.9154,229.5,0
1466, 2025-04-04 16:12:14,867.033,18.9255,229.5,0
1467, 2025-04-04 16:12:14,861.534,18.9369,229.8,0
1468, 2025-04-04 16:12:14,859.684,18.947,229.9,0
1469, 2025-04-04 16:12:14,859.684,18.9583,230,0
1470, 2025-04-04 16:12:14,857.815,18.9684,230,0
1471, 2025-04-04 16:12:14,855.945,18.9773,230.2,0
1472, 2025-04-04 16:12:14,850.295,18.9949,230.4,0
1473, 2025-04-04 16:12:15,848.415,18.9949,230.5,0
1474, 2025-04-04 16:12:15,846.515,19.0051,230.6,0
1475, 2025-04-04 16:12:15,846.515,19.0164,230.7,0
1476, 2025-04-04 16:12:15,844.615,19.0265,230.7,0
1477, 2025-04-04 16:12:15,838.844,19.0379,231,0
1478, 2025-04-04 16:12:15,834.974,19.0568,231.2,0
1479, 2025-04-04 16:12:15,831.073,19.0745,231.4,0
1480, 2025-04-04 16:12:16,827.132,19.0922,231.6,0
1481, 2025-04-04 16:12:16,825.152,19.101,231.7,0
1482, 2025-04-04 16:12:16,823.161,19.1098,231.8,0
1483, 2025-04-04 16:12:16,819.18,19.1288,232,0
1484, 2025-04-04 16:12:16,815.189,19.1389,232.2,0
1485, 2025-04-04 16:12:16,811.198,19.1566,232.4,0
1486, 2025-04-04 16:12:17,807.196,19.1742,232.7,0
1487, 2025-04-04 16:12:17,803.165,19.1932,232.9,0
1488, 2025-04-04 16:12:17,801.134,19.202,232.9,0
1489, 2025-04-04 16:12:17,797.033,19.2222,233.1,0
1490, 2025-04-04 16:12:17,792.88,19.2311,233.4,0
1491, 2025-04-04 16:12:18,792.88,19.2424,233.5,0
1492, 2025-04-04 16:12:18,788.708,19.2525,233.5,0
1493, 2025-04-04 16:12:18,784.516,19.2727,233.7,0
1494, 2025-04-04 16:12:18,778.122,19.2828,234,0
1495, 2025-04-04 16:12:18,778.122,19.2942,234.1,0
1496, 2025-04-04 16:12:18,775.981,19.3056,234.1,0
1497, 2025-04-04 16:12:18,769.527,19.3245,234.4,0
1498, 2025-04-04 16:12:19,767.365,19.3333,234.5,0
1499, 2025-04-04 16:12:19,765.194,19.3409,234.6,0
1500, 2025-04-04 16:12:19,763.022,19.3409,234.7,0
1501, 2025-04-04 16:12:19,760.831,19.3523,234.8,0
1502, 2025-04-04 16:12:19,760.831,19.3624,234.9,0
1503, 2025-04-04 16:12:19,758.629,19.3712,234.9,0
1504, 2025-04-04 16:12:19,749.802,19.4003,235.3,0
1505, 2025-04-04 16:12:20,745.349,19.4179,235.5,0
1506, 2025-04-04 16:12:20,740.855,19.4268,235.7,0
1507, 2025-04-04 16:12:20,736.321,19.4444,235.9,0
1508, 2025-04-04 16:12:20,731.717,19.4621,236.2,0
1509, 2025-04-04 16:12:20,729.404,19.4722,236.2,0
1510, 2025-04-04 16:12:20,727.092,19.4811,236.3,0
1511, 2025-04-04 16:12:20,724.77,19.4886,236.4,0
1512, 2025-04-04 16:12:21,720.115,19.5063,236.6,0
1513, 2025-04-04 16:12:21,715.4,19.524,236.8,0
1514, 2025-04-04 16:12:21,710.635,19.5328,237,0
1515, 2025-04-04 16:12:21,705.819,19.5518,237.3,0
1516, 2025-04-04 16:12:21,705.819,19.5619,237.4,0
1517, 2025-04-04 16:12:22,700.943,19.572,237.4,0
1518, 2025-04-04 16:12:22,695.997,19.5909,237.6,0
1519, 2025-04-04 16:12:22,688.417,19.6023,237.9,0
1520, 2025-04-04 16:12:22,688.417,19.6124,238,0
1521, 2025-04-04 16:12:22,685.864,19.6225,238,0
1522, 2025-04-04 16:12:22,680.656,19.6326,238.3,0
1523, 2025-04-04 16:12:22,675.237,19.6439,238.4,0
1524, 2025-04-04 16:12:23,675.237,19.654,238.5,0
1525, 2025-04-04 16:12:23,672.332,19.6641,238.5,0
1526, 2025-04-04 16:12:23,556.388,19.6755,238.8,0
1527, 2025-04-04 16:12:23,437.458,19.6856,238.9,0
1528, 2025-04-04 16:12:23,437.458,19.697,238.9,0
1529, 2025-04-04 16:12:23,302.513,19.7058,239,0
1530, 2025-04-04 16:12:23,169.367,19.7146,239.1,0
1531, 2025-04-04 16:12:23,4.836,19.726,239.3,0
